grid_size,mine_count,reveal_step,runtime_multiplier
9,1,1,1.1025
9,1,2,1.26
9,1,3,1.47
9,1,4,1.764
9,1,5,2.205
9,1,6,2.94
9,1,7,4.41
9,1,8,8.82
9,2,1,1.26
9,2,2,1.68
9,2,3,2.352
9,2,4,3.528
9,2,5,5.88
9,2,6,11.76
9,2,7,35.28
9,3,1,1.47
9,3,2,2.352
9,3,3,4.116
9,3,4,8.232
9,3,5,20.58
9,3,6,82.32
9,4,1,1.764
9,4,2,3.528
9,4,3,8.232
9,4,4,24.696
9,4,5,123.48
9,5,1,2.205
9,5,2,5.88
9,5,3,20.58
9,5,4,123.48
9,6,1,2.94
9,6,2,11.76
9,6,3,82.32
9,7,1,4.41
9,7,2,35.28
9,8,1,8.82
16,1,1,1.0453
16,1,2,1.12
16,1,3,1.2062
16,1,4,1.3067
16,1,5,1.4255
16,1,6,1.568
16,1,7,1.7422
16,1,8,1.96
16,1,9,2.24
16,1,10,2.6133
16,1,11,3.136
16,1,12,3.92
16,1,13,5.2267
16,1,14,7.84
16,1,15,15.68
16,2,1,1.12
16,2,2,1.2923
16,2,3,1.5077
16,2,4,1.7818
16,2,5,2.1382
16,2,6,2.6133
16,2,7,3.2667
16,2,8,4.2
16,2,9,5.6
16,2,10,7.84
16,2,11,11.76
16,2,12,19.6
16,2,13,39.2
16,2,14,117.6
16,3,1,1.2062
16,3,2,1.5077
16,3,3,1.9189
16,3,4,2.4945
16,3,5,3.3261
16,3,6,4.5733
16,3,7,6.5333
16,3,8,9.8
16,3,9,15.68
16,3,10,27.44
16,3,11,54.88
16,3,12,137.2
16,3,13,548.8
16,4,1,1.3067
16,4,2,1.7818
16,4,3,2.4945
16,4,4,3.6032
16,4,5,5.4048
16,4,6,8.4933
16,4,7,14.1556
16,4,8,25.48
16,4,9,50.96
16,4,10,118.9067
16,4,11,356.72
16,4,12,1783.6
16,5,1,1.4255
16,5,2,2.1382
16,5,3,3.3261
16,5,4,5.4048
16,5,5,9.2655
16,5,6,16.9867
16,5,7,33.9733
16,5,8,76.44
16,5,9,203.84
16,5,10,713.44
16,5,11,4280.64
16,6,1,1.568
16,6,2,2.6133
16,6,3,4.5733
16,6,4,8.4933
16,6,5,16.9867
16,6,6,37.3707
16,6,7,93.4267
16,6,8,280.28
16,6,9,1121.12
16,6,10,7847.84
16,7,1,1.7422
16,7,2,3.2667
16,7,3,6.5333
16,7,4,14.1556
16,7,5,33.9733
16,7,6,93.4267
16,7,7,311.4222
16,7,8,1401.4
16,7,9,11211.2
16,8,1,1.96
16,8,2,4.2
16,8,3,9.8
16,8,4,25.48
16,8,5,76.44
16,8,6,280.28
16,8,7,1401.4
16,8,8,12612.6
16,9,1,2.24
16,9,2,5.6
16,9,3,15.68
16,9,4,50.96
16,9,5,203.84
16,9,6,1121.12
16,9,7,11211.2
16,10,1,2.6133
16,10,2,7.84
16,10,3,27.44
16,10,4,118.9067
16,10,5,713.44
16,10,6,7847.84
16,11,1,3.136
16,11,2,11.76
16,11,3,54.88
16,11,4,356.72
16,11,5,4280.64
16,12,1,3.92
16,12,2,19.6
16,12,3,137.2
16,12,4,1783.6
16,13,1,5.2267
16,13,2,39.2
16,13,3,548.8
16,14,1,7.84
16,14,2,117.6
16,15,1,15.68
25,1,1,1.0208
25,1,2,1.0652
25,1,3,1.1136
25,1,4,1.1667
25,1,5,1.225
25,1,6,1.2895
25,1,7,1.3611
25,1,8,1.4412
25,1,9,1.5313
25,1,10,1.6333
25,1,11,1.75
25,1,12,1.8846
25,1,13,2.0417
25,1,14,2.2273
25,1,15,2.45
25,1,16,2.7222
25,1,17,3.0625
25,1,18,3.5
25,1,19,4.0833
25,1,20,4.9
25,1,21,6.125
25,1,22,8.1667
25,1,23,12.25
25,1,24,24.5
25,2,1,1.0652
25,2,2,1.1621
25,2,3,1.2727
25,2,4,1.4
25,2,5,1.5474
25,2,6,1.7193
25,2,7,1.9216
25,2,8,2.1618
25,2,9,2.45
25,2,10,2.8
25,2,11,3.2308
25,2,12,3.7692
25,2,13,4.4545
25,2,14,5.3455
25,2,15,6.5333
25,2,16,8.1667
25,2,17,10.5
25,2,18,14
25,2,19,19.6
25,2,20,29.4
25,2,21,49
25,2,22,98
25,2,23,294
25,3,1,1.1136
25,3,2,1.2727
25,3,3,1.4636
25,3,4,1.6947
25,3,5,1.9772
25,3,6,2.3261
25,3,7,2.7623
25,3,8,3.3147
25,3,9,4.025
25,3,10,4.9538
25,3,11,6.1923
25,3,12,7.8811
25,3,13,10.2455
25,3,14,13.6606
25,3,15,18.7833
25,3,16,26.8333
25,3,17,40.25
25,3,18,64.4
25,3,19,112.7
25,3,20,225.4
25,3,21,563.5
25,3,22,2254
25,4,1,1.1667
25,4,2,1.4
25,4,3,1.6947
25,4,4,2.0713
25,4,5,2.5587
25,4,6,3.1984
25,4,7,4.0513
25,4,8,5.2088
25,4,9,6.8115
25,4,10,9.0821
25,4,11,12.3846
25,4,12,17.3385
25,4,13,25.0444
25,4,14,37.5667
25,4,15,59.0333
25,4,16,98.3889
25,4,17,177.1
25,4,18,354.2
25,4,19,826.4667
25,4,20,2479.4
25,4,21,12397
25,5,1,1.225
25,5,2,1.5474
25,5,3,1.9772
25,5,4,2.5587
25,5,5,3.3583
25,5,6,4.4778
25,5,7,6.077
25,5,8,8.4143
25,5,9,11.9202
25,5,10,17.3385
25,5,11,26.0077
25,5,12,40.4564
25,5,13,65.7417
25,5,14,112.7
25,5,15,206.6167
25,5,16,413.2333
25,5,17,929.775
25,5,18,2479.4
25,5,19,8677.9
25,5,20,52067.4
25,6,1,1.2895
25,6,2,1.7193
25,6,3,2.3261
25,6,4,3.1984
25,6,5,4.4778
25,6,6,6.3968
25,6,7,9.3492
25,6,8,14.0238
25,6,9,21.6731
25,6,10,34.6769
25,6,11,57.7949
25,6,12,101.141
25,6,13,187.8333
25,6,14,375.6667
25,6,15,826.4667
25,6,16,2066.1667
25,6,17,6198.5
25,6,18,24794
25,6,19,173558
25,7,1,1.3611
25,7,2,1.9216
25,7,3,2.7623
25,7,4,4.0513
25,7,5,6.077
25,7,6,9.3492
25,7,7,14.8029
25,7,8,24.2229
25,7,9,41.1788
25,7,10,73.2068
25,7,11,137.2628
25,7,12,274.5256
25,7,13,594.8056
25,7,14,1427.5333
25,7,15,3925.7167
25,7,16,13085.7222
25,7,17,58885.75
25,7,18,471086
25,8,1,1.4412
25,8,2,2.1618
25,8,3,3.3147
25,8,4,5.2088
25,8,5,8.4143
25,8,6,14.0238
25,8,7,24.2229
25,8,8,43.6011
25,8,9,82.3577
25,8,10,164.7154
25,8,11,352.9615
25,8,12,823.5769
25,8,13,2141.3
25,8,14,6423.9
25,8,15,23554.3
25,8,16,117771.5
25,8,17,1059943.5
25,9,1,1.5313
25,9,2,2.45
25,9,3,4.025
25,9,4,6.8115
25,9,5,11.9202
25,9,6,21.6731
25,9,7,41.1788
25,9,8,82.3577
25,9,9,175.0101
25,9,10,400.0231
25,9,11,1000.0577
25,9,12,2800.1615
25,9,13,9100.525
25,9,14,36402.1
25,9,15,200211.55
25,9,16,2002115.5
25,10,1,1.6333
25,10,2,2.8
25,10,3,4.9538
25,10,4,9.0821
25,10,5,17.3385
25,10,6,34.6769
25,10,7,73.2068
25,10,8,164.7154
25,10,9,400.0231
25,10,10,1066.7282
25,10,11,3200.1846
25,10,12,11200.6462
25,10,13,48536.1333
25,10,14,291216.8
25,10,15,3203384.8
25,11,1,1.75
25,11,2,3.2308
25,11,3,6.1923
25,11,4,12.3846
25,11,5,26.0077
25,11,6,57.7949
25,11,7,137.2628
25,11,8,352.9615
25,11,9,1000.0577
25,11,10,3200.1846
25,11,11,12000.6923
25,11,12,56003.2308
25,11,13,364021
25,11,14,4368252
25,12,1,1.8846
25,12,2,3.7692
25,12,3,7.8811
25,12,4,17.3385
25,12,5,40.4564
25,12,6,101.141
25,12,7,274.5256
25,12,8,823.5769
25,12,9,2800.1615
25,12,10,11200.6462
25,12,11,56003.2308
25,12,12,392022.6154
25,12,13,5096294
25,13,1,2.0417
25,13,2,4.4545
25,13,3,10.2455
25,13,4,25.0444
25,13,5,65.7417
25,13,6,187.8333
25,13,7,594.8056
25,13,8,2141.3
25,13,9,9100.525
25,13,10,48536.1333
25,13,11,364021
25,13,12,5096294
25,14,1,2.2273
25,14,2,5.3455
25,14,3,13.6606
25,14,4,37.5667
25,14,5,112.7
25,14,6,375.6667
25,14,7,1427.5333
25,14,8,6423.9
25,14,9,36402.1
25,14,10,291216.8
25,14,11,4368252
25,15,1,2.45
25,15,2,6.5333
25,15,3,18.7833
25,15,4,59.0333
25,15,5,206.6167
25,15,6,826.4667
25,15,7,3925.7167
25,15,8,23554.3
25,15,9,200211.55
25,15,10,3203384.8
25,16,1,2.7222
25,16,2,8.1667
25,16,3,26.8333
25,16,4,98.3889
25,16,5,413.2333
25,16,6,2066.1667
25,16,7,13085.7222
25,16,8,117771.5
25,16,9,2002115.5
25,17,1,3.0625
25,17,2,10.5
25,17,3,40.25
25,17,4,177.1
25,17,5,929.775
25,17,6,6198.5
25,17,7,58885.75
25,17,8,1059943.5
25,18,1,3.5
25,18,2,14
25,18,3,64.4
25,18,4,354.2
25,18,5,2479.4
25,18,6,24794
25,18,7,471086
25,19,1,4.0833
25,19,2,19.6
25,19,3,112.7
25,19,4,826.4667
25,19,5,8677.9
25,19,6,173558
25,20,1,4.9
25,20,2,29.4
25,20,3,225.4
25,20,4,2479.4
25,20,5,52067.4
25,21,1,6.125
25,21,2,49
25,21,3,563.5
25,21,4,12397
25,22,1,8.1667
25,22,2,98
25,22,3,2254
25,23,1,12.25
25,23,2,294
25,24,1,24.5
36,1,1,1.008
36,1,2,1.0376
36,1,3,1.0691
36,1,4,1.1025
36,1,5,1.1381
36,1,6,1.176
36,1,7,1.2166
36,1,8,1.26
36,1,9,1.3067
36,1,10,1.3569
36,1,11,1.4112
36,1,12,1.47
36,1,13,1.5339
36,1,14,1.6036
36,1,15,1.68
36,1,16,1.764
36,1,17,1.8568
36,1,18,1.96
36,1,19,2.0753
36,1,20,2.205
36,1,21,2.352
36,1,22,2.52
36,1,23,2.7138
36,1,24,2.94
36,1,25,3.2073
36,1,26,3.528
36,1,27,3.92
36,1,28,4.41
36,1,29,5.04
36,1,30,5.88
36,1,31,7.056
36,1,32,8.82
36,1,33,11.76
36,1,34,17.64
36,1,35,35.28
36,2,1,1.0376
36,2,2,1.1005
36,2,3,1.1693
36,2,4,1.2448
36,2,5,1.3277
36,2,6,1.4193
36,2,7,1.5207
36,2,8,1.6333
36,2,9,1.759
36,2,10,1.8997
36,2,11,2.058
36,2,12,2.237
36,2,13,2.4403
36,2,14,2.6727
36,2,15,2.94
36,2,16,3.2495
36,2,17,3.6105
36,2,18,4.0353
36,2,19,4.5397
36,2,20,5.145
36,2,21,5.88
36,2,22,6.7846
36,2,23,7.9154
36,2,24,9.3545
36,2,25,11.2255
36,2,26,13.72
36,2,27,17.15
36,2,28,22.05
36,2,29,29.4
36,2,30,41.16
36,2,31,61.74
36,2,32,102.9
36,2,33,205.8
36,2,34,617.4
36,3,1,1.0691
36,3,2,1.1693
36,3,3,1.2825
36,3,4,1.4107
36,3,5,1.5567
36,3,6,1.7234
36,3,7,1.9149
36,3,8,2.1359
36,3,9,2.3922
36,3,10,2.6912
36,3,11,3.0423
36,3,12,3.4571
36,3,13,3.951
36,3,14,4.5436
36,3,15,5.2611
36,3,16,6.1379
36,3,17,7.2211
36,3,18,8.575
36,3,19,10.29
36,3,20,12.495
36,3,21,15.3785
36,3,22,19.2231
36,3,23,24.4657
36,3,24,31.8055
36,3,25,42.4073
36,3,26,58.31
36,3,27,83.3
36,3,28,124.95
36,3,29,199.92
36,3,30,349.86
36,3,31,699.72
36,3,32,1749.3
36,3,33,6997.2
36,4,1,1.1025
36,4,2,1.2448
36,4,3,1.4107
36,4,4,1.6053
36,4,5,1.8346
36,4,6,2.1064
36,4,7,2.4305
36,4,8,2.8194
36,4,9,3.2893
36,4,10,3.8613
36,4,11,4.5634
36,4,12,5.4326
36,4,13,6.5191
36,4,14,7.8916
36,4,15,9.6453
36,4,16,11.9147
36,4,17,14.8934
36,4,18,18.865
36,4,19,24.255
36,4,20,31.7181
36,4,21,42.2908
36,4,22,57.6692
36,4,23,80.7369
36,4,24,116.62
36,4,25,174.93
36,4,26,274.89
36,4,27,458.15
36,4,28,824.67
36,4,29,1649.34
36,4,30,3848.46
36,4,31,11545.38
36,4,32,57726.9
36,5,1,1.1381
36,5,2,1.3277
36,5,3,1.5567
36,5,4,1.8346
36,5,5,2.1744
36,5,6,2.5925
36,5,7,3.111
36,5,8,3.7592
36,5,9,4.5764
36,5,10,5.6165
36,5,11,6.9537
36,5,12,8.6922
36,5,13,10.9796
36,5,14,14.0295
36,5,15,18.1558
36,5,16,23.8295
36,5,17,31.7726
36,5,18,43.12
36,5,19,59.7046
36,5,20,84.5815
36,5,21,123.0277
36,5,22,184.5415
36,5,23,287.0646
36,5,24,466.48
36,5,25,799.68
36,5,26,1466.08
36,5,27,2932.16
36,5,28,6597.36
36,5,29,17592.96
36,5,30,61575.36
36,5,31,369452.16
36,6,1,1.176
36,6,2,1.4193
36,6,3,1.7234
36,6,4,2.1064
36,6,5,2.5925
36,6,6,3.2147
36,6,7,4.0184
36,6,8,5.0667
36,6,9,6.4486
36,6,10,8.291
36,6,11,10.7783
36,6,12,14.182
36,6,13,18.9093
36,6,14,25.5832
36,6,15,35.1768
36,6,16,49.2476
36,6,17,70.3537
36,6,18,102.8246
36,6,19,154.2369
36,6,20,238.3662
36,6,21,381.3858
36,6,22,635.6431
36,6,23,1112.3754
36,6,24,2065.84
36,6,25,4131.68
36,6,26,9089.696
36,6,27,22724.24
36,6,28,68172.72
36,6,29,272690.88
36,6,30,1908836.16
36,7,1,1.2166
36,7,2,1.5207
36,7,3,1.9149
36,7,4,2.4305
36,7,5,3.111
36,7,6,4.0184
36,7,7,5.2414
36,7,8,6.9092
36,7,9,9.2122
36,7,10,12.4365
36,7,11,17.0184
36,7,12,23.6366
36,7,13,33.3693
36,7,14,47.9684
36,7,15,70.3537
36,7,16,105.5305
36,7,17,162.3547
36,7,18,257.0615
36,7,19,420.6462
36,7,20,715.0985
36,7,21,1271.2862
36,7,22,2383.6615
36,7,23,4767.3231
36,7,24,10329.2
36,7,25,24790.08
36,7,26,68172.72
36,7,27,227242.4
36,7,28,1022590.8
36,7,29,8180726.4
36,8,1,1.26
36,8,2,1.6333
36,8,3,2.1359
36,8,4,2.8194
36,8,5,3.7592
36,8,6,5.0667
36,8,7,6.9092
36,8,8,9.5412
36,8,9,13.3577
36,8,10,18.982
36,8,11,27.4185
36,8,12,40.3213
36,8,13,60.4819
36,8,14,92.7389
36,8,15,145.7326
36,8,16,235.4143
36,8,17,392.3571
36,8,18,677.7077
36,8,19,1219.8738
36,8,20,2304.2062
36,8,21,4608.4123
36,8,22,9875.1692
36,8,23,23042.0615
36,8,24,59909.36
36,8,25,179728.08
36,8,26,659002.96
36,8,27,3295014.8
36,8,28,29655133.2
36,9,1,1.3067
36,9,2,1.759
36,9,3,2.3922
36,9,4,3.2893
36,9,5,4.5764
36,9,6,6.4486
36,9,7,9.2122
36,9,8,13.3577
36,9,9,19.6851
36,9,10,29.5276
36,9,11,45.1598
36,9,12,70.5622
36,9,13,112.8996
36,9,14,185.4779
36,9,15,313.8857
36,9,16,549.2999
36,9,17,998.7271
36,9,18,1897.5815
36,9,19,3795.1631
36,9,20,8064.7215
36,9,21,18433.6492
36,9,22,46084.1231
36,9,23,129035.5446
36,9,24,419365.52
36,9,25,1677462.08
36,9,26,9226041.44
36,9,27,92260414.4
36,10,1,1.3569
36,10,2,1.8997
36,10,3,2.6912
36,10,4,3.8613
36,10,5,5.6165
36,10,6,8.291
36,10,7,12.4365
36,10,8,18.982
36,10,9,29.5276
36,10,10,46.8968
36,10,11,76.2072
36,10,12,127.012
36,10,13,217.7349
36,10,14,385.2233
36,10,15,706.2428
36,10,16,1348.2816
36,10,17,2696.5632
36,10,18,5692.7446
36,10,19,12808.6754
36,10,20,31106.7831
36,10,21,82951.4215
36,10,22,248854.2646
36,10,23,870989.9262
36,10,24,3774289.68
36,10,25,22645738.08
36,10,26,249103118.88
36,11,1,1.4112
36,11,2,2.058
36,11,3,3.0423
36,11,4,4.5634
36,11,5,6.9537
36,11,6,10.7783
36,11,7,17.0184
36,11,8,27.4185
36,11,9,45.1598
36,11,10,76.2072
36,11,11,132.0925
36,11,12,235.8795
36,11,13,435.4698
36,11,14,834.6505
36,11,15,1669.3011
36,11,16,3505.5322
36,11,17,7790.0716
36,11,18,18501.42
36,11,19,47575.08
36,11,20,134796.06
36,11,21,431347.392
36,11,22,1617552.72
36,11,23,7548579.36
36,11,24,49065765.84
36,11,25,588789190.08
36,12,1,1.47
36,12,2,2.237
36,12,3,3.4571
36,12,4,5.4326
36,12,5,8.6922
36,12,6,14.182
36,12,7,23.6366
36,12,8,40.3213
36,12,9,70.5622
36,12,10,127.012
36,12,11,235.8795
36,12,12,453.6144
36,12,13,907.2288
36,12,14,1896.933
36,12,15,4173.2526
36,12,16,9737.5895
36,12,17,24343.9737
36,12,18,66076.5
36,12,19,198229.5
36,12,20,673980.3
36,12,21,2695921.2
36,12,22,13479606
36,12,23,94357242
36,12,24,1226644146
36,13,1,1.5339
36,13,2,2.4403
36,13,3,3.951
36,13,4,6.5191
36,13,5,10.9796
36,13,6,18.9093
36,13,7,33.3693
36,13,8,60.4819
36,13,9,112.8996
36,13,10,217.7349
36,13,11,435.4698
36,13,12,907.2288
36,13,13,1979.4084
36,13,14,4552.6392
36,13,15,11128.6737
36,13,16,29212.7684
36,13,17,83465.0526
36,13,18,264306
36,13,19,951501.6
36,13,20,4043881.8
36,13,21,21567369.6
36,13,22,161755272
36,13,23,2264573808
36,14,1,1.6036
36,14,2,2.6727
36,14,3,4.5436
36,14,4,7.8916
36,14,5,14.0295
36,14,6,25.5832
36,14,7,47.9684
36,14,8,92.7389
36,14,9,185.4779
36,14,10,385.2233
36,14,11,834.6505
36,14,12,1896.933
36,14,13,4552.6392
36,14,14,11634.5225
36,14,15,31994.9368
36,14,16,95984.8105
36,14,17,319949.3684
36,14,18,1215807.6
36,14,19,5471134.2
36,14,20,31003093.8
36,14,21,248024750.4
36,14,22,3720371256
36,15,1,1.68
36,15,2,2.94
36,15,3,5.2611
36,15,4,9.6453
36,15,5,18.1558
36,15,6,35.1768
36,15,7,70.3537
36,15,8,145.7326
36,15,9,313.8857
36,15,10,706.2428
36,15,11,1669.3011
36,15,12,4173.2526
36,15,13,11128.6737
36,15,14,31994.9368
36,15,15,100555.5158
36,15,16,351944.3053
36,15,17,1407777.2211
36,15,18,6686941.8
36,15,19,40121650.8
36,15,20,341034031.8
36,15,21,5456544508.8
36,16,1,1.764
36,16,2,3.2495
36,16,3,6.1379
36,16,4,11.9147
36,16,5,23.8295
36,16,6,49.2476
36,16,7,105.5305
36,16,8,235.4143
36,16,9,549.2999
36,16,10,1348.2816
36,16,11,3505.5322
36,16,12,9737.5895
36,16,13,29212.7684
36,16,14,95984.8105
36,16,15,351944.3053
36,16,16,1478166.0821
36,16,17,7390830.4105
36,16,18,46808592.6
36,16,19,421277333.4
36,16,20,7161714667.8
36,17,1,1.8568
36,17,2,3.6105
36,17,3,7.2211
36,17,4,14.8934
36,17,5,31.7726
36,17,6,70.3537
36,17,7,162.3547
36,17,8,392.3571
36,17,9,998.7271
36,17,10,2696.5632
36,17,11,7790.0716
36,17,12,24343.9737
36,17,13,83465.0526
36,17,14,319949.3684
36,17,15,1407777.2211
36,17,16,7390830.4105
36,17,17,49272202.7368
36,17,18,468085926
36,17,19,8425546668
36,18,1,1.96
36,18,2,4.0353
36,18,3,8.575
36,18,4,18.865
36,18,5,43.12
36,18,6,102.8246
36,18,7,257.0615
36,18,8,677.7077
36,18,9,1897.5815
36,18,10,5692.7446
36,18,11,18501.42
36,18,12,66076.5
36,18,13,264306
36,18,14,1215807.6
36,18,15,6686941.8
36,18,16,46808592.6
36,18,17,468085926
36,18,18,8893632594
36,19,1,2.0753
36,19,2,4.5397
36,19,3,10.29
36,19,4,24.255
36,19,5,59.7046
36,19,6,154.2369
36,19,7,420.6462
36,19,8,1219.8738
36,19,9,3795.1631
36,19,10,12808.6754
36,19,11,47575.08
36,19,12,198229.5
36,19,13,951501.6
36,19,14,5471134.2
36,19,15,40121650.8
36,19,16,421277333.4
36,19,17,8425546668
36,20,1,2.205
36,20,2,5.145
36,20,3,12.495
36,20,4,31.7181
36,20,5,84.5815
36,20,6,238.3662
36,20,7,715.0985
36,20,8,2304.2062
36,20,9,8064.7215
36,20,10,31106.7831
36,20,11,134796.06
36,20,12,673980.3
36,20,13,4043881.8
36,20,14,31003093.8
36,20,15,341034031.8
36,20,16,7161714667.8
36,21,1,2.352
36,21,2,5.88
36,21,3,15.3785
36,21,4,42.2908
36,21,5,123.0277
36,21,6,381.3858
36,21,7,1271.2862
36,21,8,4608.4123
36,21,9,18433.6492
36,21,10,82951.4215
36,21,11,431347.392
36,21,12,2695921.2
36,21,13,21567369.6
36,21,14,248024750.4
36,21,15,5456544508.8
36,22,1,2.52
36,22,2,6.7846
36,22,3,19.2231
36,22,4,57.6692
36,22,5,184.5415
36,22,6,635.6431
36,22,7,2383.6615
36,22,8,9875.1692
36,22,9,46084.1231
36,22,10,248854.2646
36,22,11,1617552.72
36,22,12,13479606
36,22,13,161755272
36,22,14,3720371256
36,23,1,2.7138
36,23,2,7.9154
36,23,3,24.4657
36,23,4,80.7369
36,23,5,287.0646
36,23,6,1112.3754
36,23,7,4767.3231
36,23,8,23042.0615
36,23,9,129035.5446
36,23,10,870989.9262
36,23,11,7548579.36
36,23,12,94357242
36,23,13,2264573808
36,24,1,2.94
36,24,2,9.3545
36,24,3,31.8055
36,24,4,116.62
36,24,5,466.48
36,24,6,2065.84
36,24,7,10329.2
36,24,8,59909.36
36,24,9,419365.52
36,24,10,3774289.68
36,24,11,49065765.84
36,24,12,1226644146
36,25,1,3.2073
36,25,2,11.2255
36,25,3,42.4073
36,25,4,174.93
36,25,5,799.68
36,25,6,4131.68
36,25,7,24790.08
36,25,8,179728.08
36,25,9,1677462.08
36,25,10,22645738.08
36,25,11,588789190.08
36,26,1,3.528
36,26,2,13.72
36,26,3,58.31
36,26,4,274.89
36,26,5,1466.08
36,26,6,9089.696
36,26,7,68172.72
36,26,8,659002.96
36,26,9,9226041.44
36,26,10,249103118.88
36,27,1,3.92
36,27,2,17.15
36,27,3,83.3
36,27,4,458.15
36,27,5,2932.16
36,27,6,22724.24
36,27,7,227242.4
36,27,8,3295014.8
36,27,9,92260414.4
36,28,1,4.41
36,28,2,22.05
36,28,3,124.95
36,28,4,824.67
36,28,5,6597.36
36,28,6,68172.72
36,28,7,1022590.8
36,28,8,29655133.2
36,29,1,5.04
36,29,2,29.4
36,29,3,199.92
36,29,4,1649.34
36,29,5,17592.96
36,29,6,272690.88
36,29,7,8180726.4
36,30,1,5.88
36,30,2,41.16
36,30,3,349.86
36,30,4,3848.46
36,30,5,61575.36
36,30,6,1908836.16
36,31,1,7.056
36,31,2,61.74
36,31,3,699.72
36,31,4,11545.38
36,31,5,369452.16
36,32,1,8.82
36,32,2,102.9
36,32,3,1749.3
36,32,4,57726.9
36,33,1,11.76
36,33,2,205.8
36,33,3,6997.2
36,34,1,17.64
36,34,2,617.4
36,35,1,35.28
49,1,1,1.0004
49,1,2,1.0217
49,1,3,1.0439
49,1,4,1.0671
49,1,5,1.0914
49,1,6,1.1167
49,1,7,1.1433
49,1,8,1.1712
49,1,9,1.2005
49,1,10,1.2313
49,1,11,1.2637
49,1,12,1.2978
49,1,13,1.3339
49,1,14,1.372
49,1,15,1.4124
49,1,16,1.4552
49,1,17,1.5006
49,1,18,1.549
49,1,19,1.6007
49,1,20,1.6559
49,1,21,1.715
49,1,22,1.7785
49,1,23,1.8469
49,1,24,1.9208
49,1,25,2.0008
49,1,26,2.0878
49,1,27,2.1827
49,1,28,2.2867
49,1,29,2.401
49,1,30,2.5274
49,1,31,2.6678
49,1,32,2.8247
49,1,33,3.0013
49,1,34,3.2013
49,1,35,3.43
49,1,36,3.6938
49,1,37,4.0017
49,1,38,4.3655
49,1,39,4.802
49,1,40,5.3356
49,1,41,6.0025
49,1,42,6.86
49,1,43,8.0033
49,1,44,9.604
49,1,45,12.005
49,1,46,16.0067
49,1,47,24.01
49,1,48,48.02
49,2,1,1.0217
49,2,2,1.0661
49,2,3,1.1135
49,2,4,1.1641
49,2,5,1.2183
49,2,6,1.2763
49,2,7,1.3385
49,2,8,1.4055
49,2,9,1.4775
49,2,10,1.5553
49,2,11,1.6394
49,2,12,1.7305
49,2,13,1.8293
49,2,14,1.9369
49,2,15,2.0543
49,2,16,2.1827
49,2,17,2.3235
49,2,18,2.4785
49,2,19,2.6494
49,2,20,2.8386
49,2,21,3.0489
49,2,22,3.2834
49,2,23,3.5461
49,2,24,3.8416
49,2,25,4.1757
49,2,26,4.5553
49,2,27,4.9891
49,2,28,5.488
49,2,29,6.0657
49,2,30,6.7396
49,2,31,7.5325
49,2,32,8.4741
49,2,33,9.604
49,2,34,10.976
49,2,35,12.6646
49,2,36,14.7754
49,2,37,17.4618
49,2,38,20.9542
49,2,39,25.6107
49,2,40,32.0133
49,2,41,41.16
49,2,42,54.88
49,2,43,76.832
49,2,44,115.248
49,2,45,192.08
49,2,46,384.16
49,2,47,1152.48
49,3,1,1.0439
49,3,2,1.1135
49,3,3,1.1894
49,3,4,1.2724
49,3,5,1.3633
49,3,6,1.4631
49,3,7,1.5728
49,3,8,1.6938
49,3,9,1.8275
49,3,10,1.9757
49,3,11,2.1403
49,3,12,2.3237
49,3,13,2.5288
49,3,14,2.7587
49,3,15,3.0173
49,3,16,3.3093
49,3,17,3.6402
49,3,18,4.0168
49,3,19,4.4472
49,3,20,4.9413
49,3,21,5.5115
49,3,22,6.1728
49,3,23,6.9444
49,3,24,7.8502
49,3,25,8.9207
49,3,26,10.1951
49,3,27,11.7244
49,3,28,13.5756
49,3,29,15.8382
49,3,30,18.6331
49,3,31,22.1269
49,3,32,26.5522
49,3,33,32.242
49,3,34,39.6825
49,3,35,49.6031
49,3,36,63.1312
49,3,37,82.0705
49,3,38,109.4274
49,3,39,150.4627
49,3,40,214.9467
49,3,41,322.42
49,3,42,515.872
49,3,43,902.776
49,3,44,1805.552
49,3,45,4513.88
49,3,46,18055.52
49,4,1,1.0671
49,4,2,1.1641
49,4,3,1.2724
49,4,4,1.3936
49,4,5,1.5296
49,4,6,1.6825
49,4,7,1.8551
49,4,8,2.0503
49,4,9,2.272
49,4,10,2.5244
49,4,11,2.813
49,4,12,3.1439
49,4,13,3.525
49,4,14,3.9656
49,4,15,4.4773
49,4,16,5.0743
49,4,17,5.7742
49,4,18,6.599
49,4,19,7.5767
49,4,20,8.7423
49,4,21,10.1411
49,4,22,11.8313
49,4,23,13.8889
49,4,24,16.4141
49,4,25,19.5406
49,4,26,23.4487
49,4,27,28.3853
49,4,28,34.6931
49,4,29,42.8562
49,4,30,53.5703
49,4,31,67.8557
49,4,32,87.2431
49,4,33,114.0871
49,4,34,152.1161
49,4,35,207.431
49,4,36,290.4035
49,4,37,419.4717
49,4,38,629.2075
49,4,39,988.7547
49,4,40,1647.9244
49,4,41,2966.264
49,4,42,5932.528
49,4,43,13842.5653
49,4,44,41527.696
49,4,45,207638.48
49,5,1,1.0914
49,5,2,1.2183
49,5,3,1.3633
49,5,4,1.5296
49,5,5,1.7207
49,5,6,1.9414
49,5,7,2.1968
49,5,8,2.4937
49,5,9,2.84
49,5,10,3.2457
49,5,11,3.723
49,5,12,4.2871
49,5,13,4.957
49,5,14,5.7565
49,5,15,6.7159
49,5,16,7.8738
49,5,17,9.2799
49,5,18,10.9984
49,5,19,13.1135
49,5,20,15.7361
49,5,21,19.0145
49,5,22,23.1481
49,5,23,28.409
49,5,24,35.1731
49,5,25,43.9664
49,5,26,55.5365
49,5,27,70.9633
49,5,28,91.8348
49,5,29,120.5332
49,5,30,160.7109
49,5,31,218.1076
49,5,32,301.9952
49,5,33,427.8265
49,5,34,622.2931
49,5,35,933.4397
49,5,36,1452.0173
49,5,37,2359.5282
49,5,38,4044.9055
49,5,39,7415.66
49,5,40,14831.32
49,5,41,33370.47
49,5,42,88987.92
49,5,43,311457.72
49,5,44,1868746.32
49,6,1,1.1167
49,6,2,1.2763
49,6,3,1.4631
49,6,4,1.6825
49,6,5,1.9414
49,6,6,2.2479
49,6,7,2.6124
49,6,8,3.0478
49,6,9,3.5703
49,6,10,4.2003
49,6,11,4.964
49,6,12,5.8948
49,6,13,7.0357
49,6,14,8.4429
49,6,15,10.1897
49,6,16,12.3732
49,6,17,15.1228
49,6,18,18.6126
49,6,19,23.0797
49,6,20,28.8496
49,6,21,36.3756
49,6,22,46.2962
49,6,23,59.5237
49,6,24,77.3808
49,6,25,101.8168
49,6,26,135.7558
49,6,27,183.6696
49,6,28,252.5457
49,6,29,353.564
49,6,30,505.0914
49,6,31,738.2105
49,6,32,1107.3157
49,6,33,1711.3062
49,6,34,2738.0898
49,6,35,4563.4831
49,6,36,7986.0954
49,6,37,14831.32
49,6,38,29662.64
49,6,39,65257.808
49,6,40,163144.52
49,6,41,489433.56
49,6,42,1957734.24
49,6,43,13704139.68
49,7,1,1.1433
49,7,2,1.3385
49,7,3,1.5728
49,7,4,1.8551
49,7,5,2.1968
49,7,6,2.6124
49,7,7,3.1204
49,7,8,3.7445
49,7,9,4.5154
49,7,10,5.4732
49,7,11,6.6704
49,7,12,8.1767
49,7,13,10.0845
49,7,14,12.5187
49,7,15,15.6484
49,7,16,19.7054
49,7,17,25.0107
49,7,18,32.0138
49,7,19,41.3511
49,7,20,53.9362
49,7,21,71.0977
49,7,22,94.797
49,7,23,127.9759
49,7,24,175.125
49,7,25,243.2291
49,7,26,343.3823
49,7,27,493.612
49,7,28,723.9643
49,7,29,1085.9465
49,7,30,1670.6869
49,7,31,2645.2543
49,7,32,4328.5979
49,7,33,7358.6165
49,7,34,13081.9848
49,7,35,24528.7215
49,7,36,49057.4431
49,7,37,106291.1267
49,7,38,255098.704
49,7,39,701521.436
49,7,40,2338404.7867
49,7,41,10522821.54
49,7,42,84182572.32
49,8,1,1.1712
49,8,2,1.4055
49,8,3,1.6938
49,8,4,2.0503
49,8,5,2.4937
49,8,6,3.0478
49,8,7,3.7445
49,8,8,4.6255
49,8,9,5.7468
49,8,10,7.1835
49,8,11,9.0374
49,8,12,11.4473
49,8,13,14.6052
49,8,14,18.7781
49,8,15,24.342
49,8,16,31.8319
49,8,17,42.0181
49,8,18,56.0241
49,8,19,75.5107
49,8,20,102.9691
49,8,21,142.1955
49,8,22,199.0737
49,8,23,282.8942
49,8,24,408.6249
49,8,25,600.919
49,8,26,901.3785
49,8,27,1382.1137
49,8,28,2171.893
49,8,29,3508.4425
49,8,30,5847.4042
49,8,31,10100.0618
49,8,32,18180.1113
49,8,33,34340.2102
49,8,34,68680.4203
49,8,35,147172.3292
49,8,36,343402.1015
49,8,37,892845.464
49,8,38,2678536.392
49,8,39,9821300.104
49,8,40,49106500.52
49,8,41,441958504.68
49,9,1,1.2005
49,9,2,1.4775
49,9,3,1.8275
49,9,4,2.272
49,9,5,2.84
49,9,6,3.5703
49,9,7,4.5154
49,9,8,5.7468
49,9,9,7.3631
49,9,10,9.5008
49,9,11,12.3511
49,9,12,16.1841
49,9,13,21.3862
49,9,14,28.5149
49,9,15,38.3855
49,9,16,52.2042
49,9,17,71.7808
49,9,18,99.869
49,9,19,140.7245
49,9,20,201.035
49,9,21,291.5007
49,9,22,429.5801
49,9,23,644.3701
49,9,24,985.5072
49,9,25,1539.855
49,9,26,2463.7679
49,9,27,4047.6188
49,9,28,6849.8164
49,9,29,11987.1786
49,9,30,21794.8702
49,9,31,41410.2534
49,9,32,82820.5068
49,9,33,175993.577
49,9,34,402271.0332
49,9,35,1005677.5831
49,9,36,2815897.2326
49,9,37,9151666.006
49,9,38,36606664.024
49,9,39,201336652.132
49,9,40,2013366521.32
49,10,1,1.2313
49,10,2,1.5553
49,10,3,1.9757
49,10,4,2.5244
49,10,5,3.2457
49,10,6,4.2003
49,10,7,5.4732
49,10,8,7.1835
49,10,9,9.5008
49,10,10,12.6678
49,10,11,17.0359
49,10,12,23.1202
49,10,13,31.6833
49,10,14,43.8691
49,10,15,61.4168
49,10,16,87.0071
49,10,17,124.8362
49,10,18,181.58
49,10,19,268.0467
49,10,20,402.07
49,10,21,613.6858
49,10,22,954.6223
49,10,23,1516.1649
49,10,24,2463.7679
49,10,25,4106.2799
49,10,26,7039.337
49,10,27,12454.2116
49,10,28,22832.7212
49,10,29,43589.7404
49,10,30,87179.4809
49,10,31,184045.5708
49,10,32,414102.5342
49,10,33,1005677.5831
49,10,34,2681806.8882
49,10,35,8045420.6646
49,10,36,28158972.3262
49,10,37,122022213.4133
49,10,38,732133280.48
49,10,39,8053466085.28
49,11,1,1.2637
49,11,2,1.6394
49,11,3,2.1403
49,11,4,2.813
49,11,5,3.723
49,11,6,4.964
49,11,7,6.6704
49,11,8,9.0374
49,11,9,12.3511
49,11,10,17.0359
49,11,11,23.7286
49,11,12,33.3959
49,11,13,47.5249
49,11,14,68.4358
49,11,15,99.8022
49,11,16,147.5337
49,11,17,221.3006
49,11,18,337.22
49,11,19,522.691
49,11,20,825.3016
49,11,21,1329.6525
49,11,22,2190.0159
49,11,23,3695.6519
49,11,24,6405.7966
49,11,25,11438.9226
49,11,26,21118.0109
49,11,27,40476.1876
49,11,28,80952.3751
49,11,29,169999.9877
49,11,30,377777.7505
49,11,31,897222.1575
49,11,32,2307142.6906
49,11,33,6536904.29
49,11,34,20918093.728
49,11,35,78442851.48
49,11,36,366066640.24
49,11,37,2379433161.56
49,11,38,28553197938.72
49,12,1,1.2978
49,12,2,1.7305
49,12,3,2.3237
49,12,4,3.1439
49,12,5,4.2871
49,12,6,5.8948
49,12,7,8.1767
49,12,8,11.4473
49,12,9,16.1841
49,12,10,23.1202
49,12,11,33.3959
49,12,12,48.8093
49,12,13,72.2378
49,12,14,108.3567
49,12,15,164.8907
49,12,16,254.831
49,12,17,400.4487
49,12,18,640.718
49,12,19,1045.382
49,12,20,1742.3033
49,12,21,2972.1645
49,12,22,5201.2879
49,12,23,9362.3182
49,12,24,17387.1623
49,12,25,33436.8506
49,12,26,66873.7012
49,12,27,139826.8297
49,12,28,307619.0254
49,12,29,717777.726
49,12,30,1794444.3149
49,12,31,4870634.569
49,12,32,14611903.7071
49,12,33,49680472.604
49,12,34,198721890.416
49,12,35,993609452.08
49,12,36,6955266164.56
49,12,37,90418460139.28
49,13,1,1.3339
49,13,2,1.8293
49,13,3,2.5288
49,13,4,3.525
49,13,5,4.957
49,13,6,7.0357
49,13,7,10.0845
49,13,8,14.6052
49,13,9,21.3862
49,13,10,31.6833
49,13,11,47.5249
49,13,12,72.2378
49,13,13,111.3666
49,13,14,174.313
49,13,15,277.3161
49,13,16,448.988
49,13,17,740.8302
49,13,18,1247.714
49,13,19,2148.8408
49,13,20,3792.0719
49,13,21,6873.1304
49,13,22,12829.8434
49,13,23,24743.2694
49,13,24,49486.5389
49,13,25,103096.956
49,13,26,224938.813
49,13,27,517359.27
49,13,28,1264655.9934
49,13,29,3319721.9826
49,13,30,9484919.9502
49,13,31,30035579.8423
49,13,32,108128087.4322
49,13,33,459544371.587
49,13,34,2450903315.1307
49,13,35,18381774863.48
49,13,36,257344848088.72
49,14,1,1.372
49,14,2,1.9369
49,14,3,2.7587
49,14,4,3.9656
49,14,5,5.7565
49,14,6,8.4429
49,14,7,12.5187
49,14,8,18.7781
49,14,9,28.5149
49,14,10,43.8691
49,14,11,68.4358
49,14,12,108.3567
49,14,13,174.313
49,14,14,285.2394
49,14,15,475.399
49,14,16,808.1784
49,14,17,1403.6782
49,14,18,2495.428
49,14,19,4550.4863
49,14,20,8532.1619
49,14,21,16495.513
49,14,22,32991.0259
49,14,23,68519.8231
49,14,24,148459.6166
49,14,25,337408.2196
49,14,26,809779.727
49,14,27,2069437.08
49,14,28,5690951.9701
49,14,29,17072855.9104
49,14,30,56909519.7012
49,14,31,216256174.8645
49,14,32,973152786.8901
49,14,33,5514532459.044
49,14,34,44116259672.352
49,14,35,661743895085.28
49,15,1,1.4124
49,15,2,2.0543
49,15,3,3.0173
49,15,4,4.4773
49,15,5,6.7159
49,15,6,10.1897
49,15,7,15.6484
49,15,8,24.342
49,15,9,38.3855
49,15,10,61.4168
49,15,11,99.8022
49,15,12,164.8907
49,15,13,277.3161
49,15,14,475.399
49,15,15,831.9483
49,15,16,1488.7497
49,15,17,2729.3744
49,15,18,5137.6459
49,15,19,9954.1889
49,15,20,19908.3777
49,15,21,41238.7824
49,15,22,88821.9928
49,15,23,199849.4839
49,15,24,472371.5074
49,15,25,1180928.7685
49,15,26,3149143.3827
49,15,27,9053787.2252
49,15,28,28454759.8506
49,15,29,99591659.4771
49,15,30,398366637.9082
49,15,31,1892241530.0641
49,15,32,11353449180.3847
49,15,33,96504318033.27
49,15,34,1544069088532.32
49,16,1,1.4552
49,16,2,2.1827
49,16,3,3.3093
49,16,4,5.0743
49,16,5,7.8738
49,16,6,12.3732
49,16,7,19.7054
49,16,8,31.8319
49,16,9,52.2042
49,16,10,87.0071
49,16,11,147.5337
49,16,12,254.831
49,16,13,448.988
49,16,14,808.1784
49,16,15,1488.7497
49,16,16,2812.0827
49,16,17,5458.7487
49,16,18,10917.4975
49,16,19,22562.8281
49,16,20,48348.9173
49,16,21,107855.277
49,16,22,251662.3131
49,16,23,617716.5866
49,16,24,1606063.1252
49,16,25,4461286.4588
49,16,26,13383859.3764
49,16,27,43975537.9509
49,16,28,161243639.1533
49,16,29,677223284.444
49,16,30,3386116422.22
49,16,31,21445404007.3933
49,16,32,193008636066.54
49,16,33,3281146813131.18
49,17,1,1.5006
49,17,2,2.3235
49,17,3,3.6402
49,17,4,5.7742
49,17,5,9.2799
49,17,6,15.1228
49,17,7,25.0107
49,17,8,42.0181
49,17,9,71.7808
49,17,10,124.8362
49,17,11,221.3006
49,17,12,400.4487
49,17,13,740.8302
49,17,14,1403.6782
49,17,15,2729.3744
49,17,16,5458.7487
49,17,17,11258.6692
49,17,18,24018.4944
49,17,19,53183.809
49,17,20,122731.867
49,17,21,296602.0118
49,17,22,754986.9392
49,17,23,2038464.7358
49,17,24,5888898.1256
49,17,25,18402806.6425
49,17,26,63095337.06
49,17,27,241865458.73
49,17,28,1064208018.412
49,17,29,5587092096.663
49,17,30,37247280644.42
49,17,31,353849166121.99
49,17,32,6369284990195.82
49,18,1,1.549
49,18,2,2.4785
49,18,3,4.0168
49,18,4,6.599
49,18,5,10.9984
49,18,6,18.6126
49,18,7,32.0138
49,18,8,56.0241
49,18,9,99.869
49,18,10,181.58
49,18,11,337.22
49,18,12,640.718
49,18,13,1247.714
49,18,14,2495.428
49,18,15,5137.6459
49,18,16,10917.4975
49,18,17,24018.4944
49,18,18,54899.4158
49,18,19,130913.9914
49,18,20,327284.9786
49,18,21,862842.2162
49,18,22,2415958.2054
49,18,23,7247874.6161
49,18,24,23555592.5024
49,18,25,84127116.08
49,18,26,336508464.32
49,18,27,1547938935.872
49,18,28,8513664147.296
49,18,29,59595649031.072
49,18,30,595956490310.72
49,18,31,11323173315903.68
49,19,1,1.6007
49,19,2,2.6494
49,19,3,4.4472
49,19,4,7.5767
49,19,5,13.1135
49,19,6,23.0797
49,19,7,41.3511
49,19,8,75.5107
49,19,9,140.7245
49,19,10,268.0467
49,19,11,522.691
49,19,12,1045.382
49,19,13,2148.8408
49,19,14,4550.4863
49,19,15,9954.1889
49,19,16,22562.8281
49,19,17,53183.809
49,19,18,130913.9914
49,19,19,338194.4778
49,19,20,922348.5759
49,19,21,2674810.8702
49,19,22,8321633.8185
49,19,23,28085514.1375
49,19,24,104317623.9392
49,19,25,434656766.4133
49,19,26,2086352478.784
49,19,27,11996526753.008
49,19,28,87974529522.0587
49,19,29,923732559981.616
49,19,30,18474651199632.32
49,20,1,1.6559
49,20,2,2.8386
49,20,3,4.9413
49,20,4,8.7423
49,20,5,15.7361
49,20,6,28.8496
49,20,7,53.9362
49,20,8,102.9691
49,20,9,201.035
49,20,10,402.07
49,20,11,825.3016
49,20,12,1742.3033
49,20,13,3792.0719
49,20,14,8532.1619
49,20,15,19908.3777
49,20,16,48348.9173
49,20,17,122731.867
49,20,18,327284.9786
49,20,19,922348.5759
49,20,20,2767045.7278
49,20,21,8916036.2341
49,20,22,31206126.8194
49,20,23,120366489.1606
49,20,24,521588119.696
49,20,25,2607940598.48
49,20,26,15647643590.88
49,20,27,119965267530.08
49,20,28,1319617942830.88
49,20,29,27711976799448.48
49,21,1,1.715
49,21,2,3.0489
49,21,3,5.5115
49,21,4,10.1411
49,21,5,19.0145
49,21,6,36.3756
49,21,7,71.0977
49,21,8,142.1955
49,21,9,291.5007
49,21,10,613.6858
49,21,11,1329.6525
49,21,12,2972.1645
49,21,13,6873.1304
49,21,14,16495.513
49,21,15,41238.7824
49,21,16,107855.277
49,21,17,296602.0118
49,21,18,862842.2162
49,21,19,2674810.8702
49,21,20,8916036.2341
49,21,21,32320631.3487
49,21,22,129282525.3947
49,21,23,581771364.2763
49,21,24,3025211094.2368
49,21,25,18907569338.98
49,21,26,151260554711.84
49,21,27,1739496379186.16
49,21,28,38268920342095.52
49,22,1,1.7785
49,22,2,3.2834
49,22,3,6.1728
49,22,4,11.8313
49,22,5,23.1481
49,22,6,46.2962
49,22,7,94.797
49,22,8,199.0737
49,22,9,429.5801
49,22,10,954.6223
49,22,11,2190.0159
49,22,12,5201.2879
49,22,13,12829.8434
49,22,14,32991.0259
49,22,15,88821.9928
49,22,16,251662.3131
49,22,17,754986.9392
49,22,18,2415958.2054
49,22,19,8321633.8185
49,22,20,31206126.8194
49,22,21,129282525.3947
49,22,22,603318451.8421
49,22,23,3257919639.9473
49,22,24,21176477659.6576
49,22,25,176470647163.8133
49,22,26,2117647765965.76
49,22,27,48705898617212.48
49,23,1,1.8469
49,23,2,3.5461
49,23,3,6.9444
49,23,4,13.8889
49,23,5,28.409
49,23,6,59.5237
49,23,7,127.9759
49,23,8,282.8942
49,23,9,644.3701
49,23,10,1516.1649
49,23,11,3695.6519
49,23,12,9362.3182
49,23,13,24743.2694
49,23,14,68519.8231
49,23,15,199849.4839
49,23,16,617716.5866
49,23,17,2038464.7358
49,23,18,7247874.6161
49,23,19,28085514.1375
49,23,20,120366489.1606
49,23,21,581771364.2763
49,23,22,3257919639.9473
49,23,23,21990957569.6444
49,23,24,190588298936.9184
49,23,25,2382353736711.48
49,23,26,57176489681075.52
49,24,1,1.9208
49,24,2,3.8416
49,24,3,7.8502
49,24,4,16.4141
49,24,5,35.1731
49,24,6,77.3808
49,24,7,175.125
49,24,8,408.6249
49,24,9,985.5072
49,24,10,2463.7679
49,24,11,6405.7966
49,24,12,17387.1623
49,24,13,49486.5389
49,24,14,148459.6166
49,24,15,472371.5074
49,24,16,1606063.1252
49,24,17,5888898.1256
49,24,18,23555592.5024
49,24,19,104317623.9392
49,24,20,521588119.696
49,24,21,3025211094.2368
49,24,22,21176477659.6576
49,24,23,190588298936.9184
49,24,24,2477647886179.9392
49,24,25,61941197154498.48
49,25,1,2.0008
49,25,2,4.1757
49,25,3,8.9207
49,25,4,19.5406
49,25,5,43.9664
49,25,6,101.8168
49,25,7,243.2291
49,25,8,600.919
49,25,9,1539.855
49,25,10,4106.2799
49,25,11,11438.9226
49,25,12,33436.8506
49,25,13,103096.956
49,25,14,337408.2196
49,25,15,1180928.7685
49,25,16,4461286.4588
49,25,17,18402806.6425
49,25,18,84127116.08
49,25,19,434656766.4133
49,25,20,2607940598.48
49,25,21,18907569338.98
49,25,22,176470647163.8133
49,25,23,2382353736711.48
49,25,24,61941197154498.48
49,26,1,2.0878
49,26,2,4.5553
49,26,3,10.1951
49,26,4,23.4487
49,26,5,55.5365
49,26,6,135.7558
49,26,7,343.3823
49,26,8,901.3785
49,26,9,2463.7679
49,26,10,7039.337
49,26,11,21118.0109
49,26,12,66873.7012
49,26,13,224938.813
49,26,14,809779.727
49,26,15,3149143.3827
49,26,16,13383859.3764
49,26,17,63095337.06
49,26,18,336508464.32
49,26,19,2086352478.784
49,26,20,15647643590.88
49,26,21,151260554711.84
49,26,22,2117647765965.76
49,26,23,57176489681075.52
49,27,1,2.1827
49,27,2,4.9891
49,27,3,11.7244
49,27,4,28.3853
49,27,5,70.9633
49,27,6,183.6696
49,27,7,493.612
49,27,8,1382.1137
49,27,9,4047.6188
49,27,10,12454.2116
49,27,11,40476.1876
49,27,12,139826.8297
49,27,13,517359.27
49,27,14,2069437.08
49,27,15,9053787.2252
49,27,16,43975537.9509
49,27,17,241865458.73
49,27,18,1547938935.872
49,27,19,11996526753.008
49,27,20,119965267530.08
49,27,21,1739496379186.16
49,27,22,48705898617212.48
49,28,1,2.2867
49,28,2,5.488
49,28,3,13.5756
49,28,4,34.6931
49,28,5,91.8348
49,28,6,252.5457
49,28,7,723.9643
49,28,8,2171.893
49,28,9,6849.8164
49,28,10,22832.7212
49,28,11,80952.3751
49,28,12,307619.0254
49,28,13,1264655.9934
49,28,14,5690951.9701
49,28,15,28454759.8506
49,28,16,161243639.1533
49,28,17,1064208018.412
49,28,18,8513664147.296
49,28,19,87974529522.0587
49,28,20,1319617942830.88
49,28,21,38268920342095.52
49,29,1,2.401
49,29,2,6.0657
49,29,3,15.8382
49,29,4,42.8562
49,29,5,120.5332
49,29,6,353.564
49,29,7,1085.9465
49,29,8,3508.4425
49,29,9,11987.1786
49,29,10,43589.7404
49,29,11,169999.9877
49,29,12,717777.726
49,29,13,3319721.9826
49,29,14,17072855.9104
49,29,15,99591659.4771
49,29,16,677223284.444
49,29,17,5587092096.663
49,29,18,59595649031.072
49,29,19,923732559981.616
49,29,20,27711976799448.48
49,30,1,2.5274
49,30,2,6.7396
49,30,3,18.6331
49,30,4,53.5703
49,30,5,160.7109
49,30,6,505.0914
49,30,7,1670.6869
49,30,8,5847.4042
49,30,9,21794.8702
49,30,10,87179.4809
49,30,11,377777.7505
49,30,12,1794444.3149
49,30,13,9484919.9502
49,30,14,56909519.7012
49,30,15,398366637.9082
49,30,16,3386116422.22
49,30,17,37247280644.42
49,30,18,595956490310.72
49,30,19,18474651199632.32
49,31,1,2.6678
49,31,2,7.5325
49,31,3,22.1269
49,31,4,67.8557
49,31,5,218.1076
49,31,6,738.2105
49,31,7,2645.2543
49,31,8,10100.0618
49,31,9,41410.2534
49,31,10,184045.5708
49,31,11,897222.1575
49,31,12,4870634.569
49,31,13,30035579.8423
49,31,14,216256174.8645
49,31,15,1892241530.0641
49,31,16,21445404007.3933
49,31,17,353849166121.99
49,31,18,11323173315903.68
49,32,1,2.8247
49,32,2,8.4741
49,32,3,26.5522
49,32,4,87.2431
49,32,5,301.9952
49,32,6,1107.3157
49,32,7,4328.5979
49,32,8,18180.1113
49,32,9,82820.5068
49,32,10,414102.5342
49,32,11,2307142.6906
49,32,12,14611903.7071
49,32,13,108128087.4322
49,32,14,973152786.8901
49,32,15,11353449180.3847
49,32,16,193008636066.54
49,32,17,6369284990195.82
49,33,1,3.0013
49,33,2,9.604
49,33,3,32.242
49,33,4,114.0871
49,33,5,427.8265
49,33,6,1711.3062
49,33,7,7358.6165
49,33,8,34340.2102
49,33,9,175993.577
49,33,10,1005677.5831
49,33,11,6536904.29
49,33,12,49680472.604
49,33,13,459544371.587
49,33,14,5514532459.044
49,33,15,96504318033.27
49,33,16,3281146813131.18
49,34,1,3.2013
49,34,2,10.976
49,34,3,39.6825
49,34,4,152.1161
49,34,5,622.2931
49,34,6,2738.0898
49,34,7,13081.9848
49,34,8,68680.4203
49,34,9,402271.0332
49,34,10,2681806.8882
49,34,11,20918093.728
49,34,12,198721890.416
49,34,13,2450903315.1307
49,34,14,44116259672.352
49,34,15,1544069088532.32
49,35,1,3.43
49,35,2,12.6646
49,35,3,49.6031
49,35,4,207.431
49,35,5,933.4397
49,35,6,4563.4831
49,35,7,24528.7215
49,35,8,147172.3292
49,35,9,1005677.5831
49,35,10,8045420.6646
49,35,11,78442851.48
49,35,12,993609452.08
49,35,13,18381774863.48
49,35,14,661743895085.28
49,36,1,3.6938
49,36,2,14.7754
49,36,3,63.1312
49,36,4,290.4035
49,36,5,1452.0173
49,36,6,7986.0954
49,36,7,49057.4431
49,36,8,343402.1015
49,36,9,2815897.2326
49,36,10,28158972.3262
49,36,11,366066640.24
49,36,12,6955266164.56
49,36,13,257344848088.72
49,37,1,4.0017
49,37,2,17.4618
49,37,3,82.0705
49,37,4,419.4717
49,37,5,2359.5282
49,37,6,14831.32
49,37,7,106291.1267
49,37,8,892845.464
49,37,9,9151666.006
49,37,10,122022213.4133
49,37,11,2379433161.56
49,37,12,90418460139.28
49,38,1,4.3655
49,38,2,20.9542
49,38,3,109.4274
49,38,4,629.2075
49,38,5,4044.9055
49,38,6,29662.64
49,38,7,255098.704
49,38,8,2678536.392
49,38,9,36606664.024
49,38,10,732133280.48
49,38,11,28553197938.72
49,39,1,4.802
49,39,2,25.6107
49,39,3,150.4627
49,39,4,988.7547
49,39,5,7415.66
49,39,6,65257.808
49,39,7,701521.436
49,39,8,9821300.104
49,39,9,201336652.132
49,39,10,8053466085.28
49,40,1,5.3356
49,40,2,32.0133
49,40,3,214.9467
49,40,4,1647.9244
49,40,5,14831.32
49,40,6,163144.52
49,40,7,2338404.7867
49,40,8,49106500.52
49,40,9,2013366521.32
49,41,1,6.0025
49,41,2,41.16
49,41,3,322.42
49,41,4,2966.264
49,41,5,33370.47
49,41,6,489433.56
49,41,7,10522821.54
49,41,8,441958504.68
49,42,1,6.86
49,42,2,54.88
49,42,3,515.872
49,42,4,5932.528
49,42,5,88987.92
49,42,6,1957734.24
49,42,7,84182572.32
49,43,1,8.0033
49,43,2,76.832
49,43,3,902.776
49,43,4,13842.5653
49,43,5,311457.72
49,43,6,13704139.68
49,44,1,9.604
49,44,2,115.248
49,44,3,1805.552
49,44,4,41527.696
49,44,5,1868746.32
49,45,1,12.005
49,45,2,192.08
49,45,3,4513.88
49,45,4,207638.48
49,46,1,16.0067
49,46,2,384.16
49,46,3,18055.52
49,47,1,24.01
49,47,2,1152.48
49,48,1,48.02
