grid_size,mine_count,reveal_step,runtime_multiplier
9,1,1,1.0127
9,1,2,1.1573
9,1,3,1.3502
9,1,4,1.6202
9,1,5,2.0253
9,1,6,2.7003
9,1,7,4.0505
9,1,8,8.1009
9,2,1,1.1573
9,2,2,1.5431
9,2,3,2.1603
9,2,4,3.2404
9,2,5,5.4006
9,2,6,10.8012
9,2,7,32.4036
9,3,1,1.3502
9,3,2,2.1603
9,3,3,3.7805
9,3,4,7.5609
9,3,5,18.9021
9,3,6,75.6084
9,4,1,1.6202
9,4,2,3.2404
9,4,3,7.5609
9,4,4,22.6826
9,4,5,113.4127
9,5,1,2.0253
9,5,2,5.4006
9,5,3,18.9021
9,5,4,113.4127
9,6,1,2.7003
9,6,2,10.8012
9,6,3,75.6084
9,7,1,4.0505
9,7,2,32.4036
9,8,1,8.1009
16,1,1,0.9602
16,1,2,1.0287
16,1,3,1.1079
16,1,4,1.2002
16,1,5,1.3093
16,1,6,1.4402
16,1,7,1.6002
16,1,8,1.8002
16,1,9,2.0574
16,1,10,2.4003
16,1,11,2.8804
16,1,12,3.6004
16,1,13,4.8006
16,1,14,7.2008
16,1,15,14.4016
16,2,1,1.0287
16,2,2,1.187
16,2,3,1.3848
16,2,4,1.6366
16,2,5,1.9639
16,2,6,2.4003
16,2,7,3.0004
16,2,8,3.8576
16,2,9,5.1435
16,2,10,7.2008
16,2,11,10.8012
16,2,12,18.002
16,2,13,36.004
16,2,14,108.0121
16,3,1,1.1079
16,3,2,1.3848
16,3,3,1.7625
16,3,4,2.2912
16,3,5,3.0549
16,3,6,4.2005
16,3,7,6.0007
16,3,8,9.001
16,3,9,14.4016
16,3,10,25.2028
16,3,11,50.4056
16,3,12,126.0141
16,3,13,504.0561
16,4,1,1.2002
16,4,2,1.6366
16,4,3,2.2912
16,4,4,3.3095
16,4,5,4.9642
16,4,6,7.8009
16,4,7,13.0015
16,4,8,23.4026
16,4,9,46.8052
16,4,10,109.2122
16,4,11,327.6365
16,4,12,1638.1821
16,5,1,1.3093
16,5,2,1.9639
16,5,3,3.0549
16,5,4,4.9642
16,5,5,8.5101
16,5,6,15.6018
16,5,7,31.2035
16,5,8,70.2079
16,5,9,187.2209
16,5,10,655.2729
16,5,11,3931.6369
16,6,1,1.4402
16,6,2,2.4003
16,6,3,4.2005
16,6,4,7.8009
16,6,5,15.6018
16,6,6,34.3239
16,6,7,85.8096
16,6,8,257.4287
16,6,9,1029.7145
16,6,10,7208.0009
16,7,1,1.6002
16,7,2,3.0004
16,7,3,6.0007
16,7,4,13.0015
16,7,5,31.2035
16,7,6,85.8096
16,7,7,286.0318
16,7,8,1287.1431
16,7,9,10297.1441
16,8,1,1.8002
16,8,2,3.8576
16,8,3,9.001
16,8,4,23.4026
16,8,5,70.2079
16,8,6,257.4287
16,8,7,1287.1431
16,8,8,11584.2871
16,9,1,2.0574
16,9,2,5.1435
16,9,3,14.4016
16,9,4,46.8052
16,9,5,187.2209
16,9,6,1029.7145
16,9,7,10297.1441
16,10,1,2.4003
16,10,2,7.2008
16,10,3,25.2028
16,10,4,109.2122
16,10,5,655.2729
16,10,6,7208.0009
16,11,1,2.8804
16,11,2,10.8012
16,11,3,50.4056
16,11,4,327.6365
16,11,5,3931.6369
16,12,1,3.6004
16,12,2,18.002
16,12,3,126.0141
16,12,4,1638.1821
16,13,1,4.8006
16,13,2,36.004
16,13,3,504.0561
16,14,1,7.2008
16,14,2,108.0121
16,15,1,14.4016
25,1,1,0.9377
25,1,2,0.9784
25,1,3,1.0229
25,1,4,1.0716
25,1,5,1.1252
25,1,6,1.1844
25,1,7,1.2502
25,1,8,1.3237
25,1,9,1.4065
25,1,10,1.5002
25,1,11,1.6074
25,1,12,1.731
25,1,13,1.8753
25,1,14,2.0457
25,1,15,2.2503
25,1,16,2.5003
25,1,17,2.8129
25,1,18,3.2147
25,1,19,3.7505
25,1,20,4.5005
25,1,21,5.6257
25,1,22,7.5009
25,1,23,11.2513
25,1,24,22.5025
25,2,1,0.9784
25,2,2,1.0674
25,2,3,1.169
25,2,4,1.2859
25,2,5,1.4213
25,2,6,1.5792
25,2,7,1.765
25,2,8,1.9856
25,2,9,2.2503
25,2,10,2.5718
25,2,11,2.9674
25,2,12,3.462
25,2,13,4.0914
25,2,14,4.9097
25,2,15,6.0007
25,2,16,7.5009
25,2,17,9.644
25,2,18,12.8586
25,2,19,18.002
25,2,20,27.003
25,2,21,45.005
25,2,22,90.01
25,2,23,270.0301
25,3,1,1.0229
25,3,2,1.169
25,3,3,1.3444
25,3,4,1.5566
25,3,5,1.816
25,3,6,2.1365
25,3,7,2.5371
25,3,8,3.0445
25,3,9,3.6969
25,3,10,4.55
25,3,11,5.6875
25,3,12,7.2386
25,3,13,9.4102
25,3,14,12.5469
25,3,15,17.252
25,3,16,24.6456
25,3,17,36.9684
25,3,18,59.1495
25,3,19,103.5115
25,3,20,207.0231
25,3,21,517.5576
25,3,22,2070.2301
25,4,1,1.0716
25,4,2,1.2859
25,4,3,1.5566
25,4,4,1.9025
25,4,5,2.3502
25,4,6,2.9377
25,4,7,3.7211
25,4,8,4.7842
25,4,9,6.2562
25,4,10,8.3416
25,4,11,11.3749
25,4,12,15.9249
25,4,13,23.0026
25,4,14,34.5039
25,4,15,54.2204
25,4,16,90.3672
25,4,17,162.661
25,4,18,325.3219
25,4,19,759.0844
25,4,20,2277.2531
25,4,21,11386.2651
25,5,1,1.1252
25,5,2,1.4213
25,5,3,1.816
25,5,4,2.3502
25,5,5,3.0846
25,5,6,4.1127
25,5,7,5.5816
25,5,8,7.7283
25,5,9,10.9484
25,5,10,15.9249
25,5,11,23.8873
25,5,12,37.158
25,5,13,60.3818
25,5,14,103.5115
25,5,15,189.7711
25,5,16,379.5422
25,5,17,853.9699
25,5,18,2277.2531
25,5,19,7970.3856
25,5,20,47822.3131
25,6,1,1.1844
25,6,2,1.5792
25,6,3,2.1365
25,6,4,2.9377
25,6,5,4.1127
25,6,6,5.8753
25,6,7,8.587
25,6,8,12.8804
25,6,9,19.9061
25,6,10,31.8497
25,6,11,53.0829
25,6,12,92.895
25,6,13,172.5192
25,6,14,345.0384
25,6,15,759.0844
25,6,16,1897.7109
25,6,17,5693.1326
25,6,18,22772.5301
25,6,19,159407.7101
25,7,1,1.2502
25,7,2,1.765
25,7,3,2.5371
25,7,4,3.7211
25,7,5,5.5816
25,7,6,8.587
25,7,7,13.596
25,7,8,22.248
25,7,9,37.8216
25,7,10,67.2383
25,7,11,126.0717
25,7,12,252.1434
25,7,13,546.3107
25,7,14,1311.1457
25,7,15,3605.6506
25,7,16,12018.8353
25,7,17,54084.7588
25,7,18,432678.0701
25,8,1,1.3237
25,8,2,1.9856
25,8,3,3.0445
25,8,4,4.7842
25,8,5,7.7283
25,8,6,12.8804
25,8,7,22.248
25,8,8,40.0464
25,8,9,75.6431
25,8,10,151.2861
25,8,11,324.1844
25,8,12,756.4302
25,8,13,1966.7186
25,8,14,5900.1556
25,8,15,21633.9036
25,8,16,108169.5176
25,8,17,973525.6576
25,9,1,1.4065
25,9,2,2.2503
25,9,3,3.6969
25,9,4,6.2562
25,9,5,10.9484
25,9,6,19.9061
25,9,7,37.8216
25,9,8,75.6431
25,9,9,160.7415
25,9,10,367.409
25,9,11,918.5224
25,9,12,2571.8627
25,9,13,8358.5537
25,9,14,33434.2146
25,9,15,183888.1798
25,9,16,1838881.7976
25,10,1,1.5002
25,10,2,2.5718
25,10,3,4.55
25,10,4,8.3416
25,10,5,15.9249
25,10,6,31.8497
25,10,7,67.2383
25,10,8,151.2861
25,10,9,367.409
25,10,10,979.7573
25,10,11,2939.2717
25,10,12,10287.4507
25,10,13,44578.9527
25,10,14,267473.7161
25,10,15,2942210.8761
25,11,1,1.6074
25,11,2,2.9674
25,11,3,5.6875
25,11,4,11.3749
25,11,5,23.8873
25,11,6,53.0829
25,11,7,126.0717
25,11,8,324.1844
25,11,9,918.5224
25,11,10,2939.2717
25,11,11,11022.2686
25,11,12,51437.2531
25,11,13,334342.1451
25,11,14,4012105.7401
25,12,1,1.731
25,12,2,3.462
25,12,3,7.2386
25,12,4,15.9249
25,12,5,37.158
25,12,6,92.895
25,12,7,252.1434
25,12,8,756.4302
25,12,9,2571.8627
25,12,10,10287.4507
25,12,11,51437.2531
25,12,12,360060.7716
25,12,13,4680790.0301
25,13,1,1.8753
25,13,2,4.0914
25,13,3,9.4102
25,13,4,23.0026
25,13,5,60.3818
25,13,6,172.5192
25,13,7,546.3107
25,13,8,1966.7186
25,13,9,8358.5537
25,13,10,44578.9527
25,13,11,334342.1451
25,13,12,4680790.0301
25,14,1,2.0457
25,14,2,4.9097
25,14,3,12.5469
25,14,4,34.5039
25,14,5,103.5115
25,14,6,345.0384
25,14,7,1311.1457
25,14,8,5900.1556
25,14,9,33434.2146
25,14,10,267473.7161
25,14,11,4012105.7401
25,15,1,2.2503
25,15,2,6.0007
25,15,3,17.252
25,15,4,54.2204
25,15,5,189.7711
25,15,6,759.0844
25,15,7,3605.6506
25,15,8,21633.9036
25,15,9,183888.1798
25,15,10,2942210.8761
25,16,1,2.5003
25,16,2,7.5009
25,16,3,24.6456
25,16,4,90.3672
25,16,5,379.5422
25,16,6,1897.7109
25,16,7,12018.8353
25,16,8,108169.5176
25,16,9,1838881.7976
25,17,1,2.8129
25,17,2,9.644
25,17,3,36.9684
25,17,4,162.661
25,17,5,853.9699
25,17,6,5693.1326
25,17,7,54084.7588
25,17,8,973525.6576
25,18,1,3.2147
25,18,2,12.8586
25,18,3,59.1495
25,18,4,325.3219
25,18,5,2277.2531
25,18,6,22772.5301
25,18,7,432678.0701
25,19,1,3.7505
25,19,2,18.002
25,19,3,103.5115
25,19,4,759.0844
25,19,5,7970.3856
25,19,6,159407.7101
25,20,1,4.5005
25,20,2,27.003
25,20,3,207.0231
25,20,4,2277.2531
25,20,5,47822.3131
25,21,1,5.6257
25,21,2,45.005
25,21,3,517.5576
25,21,4,11386.2651
25,22,1,7.5009
25,22,2,90.01
25,22,3,2070.2301
25,23,1,11.2513
25,23,2,270.0301
25,24,1,22.5025
36,1,1,0.9259
36,1,2,0.9531
36,1,3,0.982
36,1,4,1.0127
36,1,5,1.0453
36,1,6,1.0802
36,1,7,1.1174
36,1,8,1.1573
36,1,9,1.2002
36,1,10,1.2463
36,1,11,1.2962
36,1,12,1.3502
36,1,13,1.4089
36,1,14,1.4729
36,1,15,1.5431
36,1,16,1.6202
36,1,17,1.7055
36,1,18,1.8002
36,1,19,1.9061
36,1,20,2.0253
36,1,21,2.1603
36,1,22,2.3146
36,1,23,2.4926
36,1,24,2.7003
36,1,25,2.9458
36,1,26,3.2404
36,1,27,3.6004
36,1,28,4.0505
36,1,29,4.6291
36,1,30,5.4006
36,1,31,6.4808
36,1,32,8.1009
36,1,33,10.8012
36,1,34,16.2018
36,1,35,32.4036
36,2,1,0.9531
36,2,2,1.0109
36,2,3,1.074
36,2,4,1.1433
36,2,5,1.2195
36,2,6,1.3036
36,2,7,1.3968
36,2,8,1.5002
36,2,9,1.6156
36,2,10,1.7449
36,2,11,1.8903
36,2,12,2.0546
36,2,13,2.2414
36,2,14,2.4549
36,2,15,2.7003
36,2,16,2.9846
36,2,17,3.3162
36,2,18,3.7063
36,2,19,4.1696
36,2,20,4.7256
36,2,21,5.4006
36,2,22,6.2315
36,2,23,7.2701
36,2,24,8.5919
36,2,25,10.3103
36,2,26,12.6014
36,2,27,15.7518
36,2,28,20.2523
36,2,29,27.003
36,2,30,37.8042
36,2,31,56.7063
36,2,32,94.5106
36,2,33,189.0211
36,2,34,567.0631
36,3,1,0.982
36,3,2,1.074
36,3,3,1.178
36,3,4,1.2958
36,3,5,1.4298
36,3,6,1.583
36,3,7,1.7589
36,3,8,1.9618
36,3,9,2.1972
36,3,10,2.4719
36,3,11,2.7943
36,3,12,3.1753
36,3,13,3.6289
36,3,14,4.1732
36,3,15,4.8322
36,3,16,5.6375
36,3,17,6.6324
36,3,18,7.8759
36,3,19,9.4511
36,3,20,11.4763
36,3,21,14.1247
36,3,22,17.6559
36,3,23,22.4711
36,3,24,29.2124
36,3,25,38.9498
36,3,26,53.556
36,3,27,76.5085
36,3,28,114.7628
36,3,29,183.6205
36,3,30,321.3358
36,3,31,642.6715
36,3,32,1606.6786
36,3,33,6426.7141
36,4,1,1.0127
36,4,2,1.1433
36,4,3,1.2958
36,4,4,1.4745
36,4,5,1.6851
36,4,6,1.9347
36,4,7,2.2324
36,4,8,2.5896
36,4,9,3.0212
36,4,10,3.5466
36,4,11,4.1914
36,4,12,4.9897
36,4,13,5.9877
36,4,14,7.2482
36,4,15,8.8589
36,4,16,10.9434
36,4,17,13.6792
36,4,18,17.327
36,4,19,22.2775
36,4,20,29.1321
36,4,21,38.8428
36,4,22,52.9675
36,4,23,74.1544
36,4,24,107.112
36,4,25,160.6679
36,4,26,252.4781
36,4,27,420.7968
36,4,28,757.4342
36,4,29,1514.8684
36,4,30,3534.6928
36,4,31,10604.0782
36,4,32,53020.3906
36,5,1,1.0453
36,5,2,1.2195
36,5,3,1.4298
36,5,4,1.6851
36,5,5,1.9972
36,5,6,2.3812
36,5,7,2.8574
36,5,8,3.4527
36,5,9,4.2033
36,5,10,5.1586
36,5,11,6.3868
36,5,12,7.9835
36,5,13,10.0845
36,5,14,12.8857
36,5,15,16.6756
36,5,16,21.8867
36,5,17,29.1822
36,5,18,39.6044
36,5,19,54.8369
36,5,20,77.6856
36,5,21,112.9972
36,5,22,169.4958
36,5,23,263.6601
36,5,24,428.4477
36,5,25,734.4817
36,5,26,1346.5497
36,5,27,2693.0993
36,5,28,6059.4733
36,5,29,16158.5953
36,5,30,56555.0833
36,5,31,339330.4993
36,6,1,1.0802
36,6,2,1.3036
36,6,3,1.583
36,6,4,1.9347
36,6,5,2.3812
36,6,6,2.9527
36,6,7,3.6909
36,6,8,4.6537
36,6,9,5.9228
36,6,10,7.6151
36,6,11,9.8996
36,6,12,13.0258
36,6,13,17.3677
36,6,14,23.4974
36,6,15,32.3089
36,6,16,45.2324
36,6,17,64.6178
36,6,18,94.4413
36,6,19,141.6619
36,6,20,218.9321
36,6,21,350.2913
36,6,22,583.8188
36,6,23,1021.6828
36,6,24,1897.4109
36,6,25,3794.8217
36,6,26,8348.6076
36,6,27,20871.5189
36,6,28,62614.5565
36,6,29,250458.2257
36,6,30,1753207.5793
36,7,1,1.1174
36,7,2,1.3968
36,7,3,1.7589
36,7,4,2.2324
36,7,5,2.8574
36,7,6,3.6909
36,7,7,4.8141
36,7,8,6.3459
36,7,9,8.4612
36,7,10,11.4226
36,7,11,15.6309
36,7,12,21.7096
36,7,13,30.6488
36,7,14,44.0576
36,7,15,64.6178
36,7,16,96.9266
36,7,17,149.1178
36,7,18,236.1032
36,7,19,386.3507
36,7,20,656.7961
36,7,21,1167.6375
36,7,22,2189.3202
36,7,23,4378.6404
36,7,24,9487.0541
36,7,25,22768.9297
36,7,26,62614.5565
36,7,27,208715.1881
36,7,28,939218.3461
36,7,29,7513746.7681
36,8,1,1.1573
36,8,2,1.5002
36,8,3,1.9618
36,8,4,2.5896
36,8,5,3.4527
36,8,6,4.6537
36,8,7,6.3459
36,8,8,8.7634
36,8,9,12.2687
36,8,10,17.4345
36,8,11,25.1831
36,8,12,37.0339
36,8,13,55.5508
36,8,14,85.1779
36,8,15,133.851
36,8,16,216.2208
36,8,17,360.368
36,8,18,622.4538
36,8,19,1120.4168
36,8,20,2116.3429
36,8,21,4232.6857
36,8,22,9070.0407
36,8,23,21163.4282
36,8,24,55024.9133
36,8,25,165074.7397
36,8,26,605274.0453
36,8,27,3026370.2261
36,8,28,27237332.0341
36,9,1,1.2002
36,9,2,1.6156
36,9,3,2.1972
36,9,4,3.0212
36,9,5,4.2033
36,9,6,5.9228
36,9,7,8.4612
36,9,8,12.2687
36,9,9,18.0802
36,9,10,27.1202
36,9,11,41.478
36,9,12,64.8093
36,9,13,103.6949
36,9,14,170.3558
36,9,15,288.2944
36,9,16,504.5152
36,9,17,917.3003
36,9,18,1742.8706
36,9,19,3485.7412
36,9,20,7407.1999
36,9,21,16930.7426
36,9,22,42326.8564
36,9,23,118515.1977
36,9,24,385174.3925
36,9,25,1540697.5697
36,9,26,8473836.6329
36,9,27,84738366.3281
36,10,1,1.2463
36,10,2,1.7449
36,10,3,2.4719
36,10,4,3.5466
36,10,5,5.1586
36,10,6,7.6151
36,10,7,11.4226
36,10,8,17.4345
36,10,9,27.1202
36,10,10,43.0733
36,10,11,69.9941
36,10,12,116.6567
36,10,13,199.9829
36,10,14,353.8159
36,10,15,648.6624
36,10,16,1238.3554
36,10,17,2476.7108
36,10,18,5228.6117
36,10,19,11764.3763
36,10,20,28570.6281
36,10,21,76188.3414
36,10,22,228565.0241
36,10,23,799977.5843
36,10,24,3466569.5317
36,10,25,20799417.1897
36,10,26,228793589.0857
36,11,1,1.2962
36,11,2,1.8903
36,11,3,2.7943
36,11,4,4.1914
36,11,5,6.3868
36,11,6,9.8996
36,11,7,15.6309
36,11,8,25.1831
36,11,9,41.478
36,11,10,69.9941
36,11,11,121.323
36,11,12,216.6481
36,11,13,399.9658
36,11,14,766.601
36,11,15,1533.202
36,11,16,3219.7241
36,11,17,7154.9423
36,11,18,16992.988
36,11,19,43696.2547
36,11,20,123806.0548
36,11,21,396179.3751
36,11,22,1485672.6565
36,11,23,6933139.0633
36,11,24,45065403.9109
36,11,25,540784846.9297
36,12,1,1.3502
36,12,2,2.0546
36,12,3,3.1753
36,12,4,4.9897
36,12,5,7.9835
36,12,6,13.0258
36,12,7,21.7096
36,12,8,37.0339
36,12,9,64.8093
36,12,10,116.6567
36,12,11,216.6481
36,12,12,416.631
36,12,13,833.262
36,12,14,1742.275
36,12,15,3833.0048
36,12,16,8943.6779
36,12,17,22359.1947
36,12,18,60689.2426
36,12,19,182067.7276
36,12,20,619030.2736
36,12,21,2476121.0941
36,12,22,12380605.4701
36,12,23,86664238.2901
36,12,24,1126635097.7701
36,13,1,1.4089
36,13,2,2.2414
36,13,3,3.6289
36,13,4,5.9877
36,13,5,10.0845
36,13,6,17.3677
36,13,7,30.6488
36,13,8,55.5508
36,13,9,103.6949
36,13,10,199.9829
36,13,11,399.9658
36,13,12,833.262
36,13,13,1818.026
36,13,14,4181.4598
36,13,15,10221.3462
36,13,16,26831.0336
36,13,17,76660.0958
36,13,18,242756.9701
36,13,19,873925.0921
36,13,20,3714181.6411
36,13,21,19808968.7521
36,13,22,148567265.6401
36,13,23,2079941718.9601
36,14,1,1.4729
36,14,2,2.4549
36,14,3,4.1732
36,14,4,7.2482
36,14,5,12.8857
36,14,6,23.4974
36,14,7,44.0576
36,14,8,85.1779
36,14,9,170.3558
36,14,10,353.8159
36,14,11,766.601
36,14,12,1742.275
36,14,13,4181.4598
36,14,14,10685.9528
36,14,15,29386.3701
36,14,16,88159.1102
36,14,17,293863.7006
36,14,18,1116682.0621
36,14,19,5025069.2791
36,14,20,28475392.5811
36,14,21,227803140.6481
36,14,22,3417047109.7201
36,15,1,1.5431
36,15,2,2.7003
36,15,3,4.8322
36,15,4,8.8589
36,15,5,16.6756
36,15,6,32.3089
36,15,7,64.6178
36,15,8,133.851
36,15,9,288.2944
36,15,10,648.6624
36,15,11,1533.202
36,15,12,3833.0048
36,15,13,10221.3462
36,15,14,29386.3701
36,15,15,92357.1631
36,15,16,323250.0706
36,15,17,1293000.2824
36,15,18,6141751.3411
36,15,19,36850508.0461
36,15,20,313229318.3911
36,15,21,5011669094.2561
36,16,1,1.6202
36,16,2,2.9846
36,16,3,5.6375
36,16,4,10.9434
36,16,5,21.8867
36,16,6,45.2324
36,16,7,96.9266
36,16,8,216.2208
36,16,9,504.5152
36,16,10,1238.3554
36,16,11,3219.7241
36,16,12,8943.6779
36,16,13,26831.0336
36,16,14,88159.1102
36,16,15,323250.0706
36,16,16,1357650.2965
36,16,17,6788251.4822
36,16,18,42992259.3871
36,16,19,386930334.4831
36,16,20,6577815686.2111
36,17,1,1.7055
36,17,2,3.3162
36,17,3,6.6324
36,17,4,13.6792
36,17,5,29.1822
36,17,6,64.6178
36,17,7,149.1178
36,17,8,360.368
36,17,9,917.3003
36,17,10,2476.7108
36,17,11,7154.9423
36,17,12,22359.1947
36,17,13,76660.0958
36,17,14,293863.7006
36,17,15,1293000.2824
36,17,16,6788251.4822
36,17,17,45255009.8811
36,17,18,429922593.8701
36,17,19,7738606689.6601
36,18,1,1.8002
36,18,2,3.7063
36,18,3,7.8759
36,18,4,17.327
36,18,5,39.6044
36,18,6,94.4413
36,18,7,236.1032
36,18,8,622.4538
36,18,9,1742.8706
36,18,10,5228.6117
36,18,11,16992.988
36,18,12,60689.2426
36,18,13,242756.9701
36,18,14,1116682.0621
36,18,15,6141751.3411
36,18,16,42992259.3871
36,18,17,429922593.8701
36,18,18,8168529283.5301
36,19,1,1.9061
36,19,2,4.1696
36,19,3,9.4511
36,19,4,22.2775
36,19,5,54.8369
36,19,6,141.6619
36,19,7,386.3507
36,19,8,1120.4168
36,19,9,3485.7412
36,19,10,11764.3763
36,19,11,43696.2547
36,19,12,182067.7276
36,19,13,873925.0921
36,19,14,5025069.2791
36,19,15,36850508.0461
36,19,16,386930334.4831
36,19,17,7738606689.6601
36,20,1,2.0253
36,20,2,4.7256
36,20,3,11.4763
36,20,4,29.1321
36,20,5,77.6856
36,20,6,218.9321
36,20,7,656.7961
36,20,8,2116.3429
36,20,9,7407.1999
36,20,10,28570.6281
36,20,11,123806.0548
36,20,12,619030.2736
36,20,13,3714181.6411
36,20,14,28475392.5811
36,20,15,313229318.3911
36,20,16,6577815686.2111
36,21,1,2.1603
36,21,2,5.4006
36,21,3,14.1247
36,21,4,38.8428
36,21,5,112.9972
36,21,6,350.2913
36,21,7,1167.6375
36,21,8,4232.6857
36,21,9,16930.7426
36,21,10,76188.3414
36,21,11,396179.3751
36,21,12,2476121.0941
36,21,13,19808968.7521
36,21,14,227803140.6481
36,21,15,5011669094.2561
36,22,1,2.3146
36,22,2,6.2315
36,22,3,17.6559
36,22,4,52.9675
36,22,5,169.4958
36,22,6,583.8188
36,22,7,2189.3202
36,22,8,9070.0407
36,22,9,42326.8564
36,22,10,228565.0241
36,22,11,1485672.6565
36,22,12,12380605.4701
36,22,13,148567265.6401
36,22,14,3417047109.7201
36,23,1,2.4926
36,23,2,7.2701
36,23,3,22.4711
36,23,4,74.1544
36,23,5,263.6601
36,23,6,1021.6828
36,23,7,4378.6404
36,23,8,21163.4282
36,23,9,118515.1977
36,23,10,799977.5843
36,23,11,6933139.0633
36,23,12,86664238.2901
36,23,13,2079941718.9601
36,24,1,2.7003
36,24,2,8.5919
36,24,3,29.2124
36,24,4,107.112
36,24,5,428.4477
36,24,6,1897.4109
36,24,7,9487.0541
36,24,8,55024.9133
36,24,9,385174.3925
36,24,10,3466569.5317
36,24,11,45065403.9109
36,24,12,1126635097.7701
36,25,1,2.9458
36,25,2,10.3103
36,25,3,38.9498
36,25,4,160.6679
36,25,5,734.4817
36,25,6,3794.8217
36,25,7,22768.9297
36,25,8,165074.7397
36,25,9,1540697.5697
36,25,10,20799417.1897
36,25,11,540784846.9297
36,26,1,3.2404
36,26,2,12.6014
36,26,3,53.556
36,26,4,252.4781
36,26,5,1346.5497
36,26,6,8348.6076
36,26,7,62614.5565
36,26,8,605274.0453
36,26,9,8473836.6329
36,26,10,228793589.0857
36,27,1,3.6004
36,27,2,15.7518
36,27,3,76.5085
36,27,4,420.7968
36,27,5,2693.0993
36,27,6,20871.5189
36,27,7,208715.1881
36,27,8,3026370.2261
36,27,9,84738366.3281
36,28,1,4.0505
36,28,2,20.2523
36,28,3,114.7628
36,28,4,757.4342
36,28,5,6059.4733
36,28,6,62614.5565
36,28,7,939218.3461
36,28,8,27237332.0341
36,29,1,4.6291
36,29,2,27.003
36,29,3,183.6205
36,29,4,1514.8684
36,29,5,16158.5953
36,29,6,250458.2257
36,29,7,7513746.7681
36,30,1,5.4006
36,30,2,37.8042
36,30,3,321.3358
36,30,4,3534.6928
36,30,5,56555.0833
36,30,6,1753207.5793
36,31,1,6.4808
36,31,2,56.7063
36,31,3,642.6715
36,31,4,10604.0782
36,31,5,339330.4993
36,32,1,8.1009
36,32,2,94.5106
36,32,3,1606.6786
36,32,4,53020.3906
36,33,1,10.8012
36,33,2,189.0211
36,33,3,6426.7141
36,34,1,16.2018
36,34,2,567.0631
36,35,1,32.4036
49,1,1,0.9189
49,1,2,0.9385
49,1,3,0.9589
49,1,4,0.9802
49,1,5,1.0024
49,1,6,1.0257
49,1,7,1.0502
49,1,8,1.0758
49,1,9,1.1027
49,1,10,1.1309
49,1,11,1.1607
49,1,12,1.1921
49,1,13,1.2252
49,1,14,1.2602
49,1,15,1.2973
49,1,16,1.3366
49,1,17,1.3783
49,1,18,1.4228
49,1,19,1.4702
49,1,20,1.5209
49,1,21,1.5752
49,1,22,1.6336
49,1,23,1.6964
49,1,24,1.7642
49,1,25,1.8378
49,1,26,1.9177
49,1,27,2.0048
49,1,28,2.1003
49,1,29,2.2053
49,1,30,2.3214
49,1,31,2.4503
49,1,32,2.5945
49,1,33,2.7566
49,1,34,2.9404
49,1,35,3.1504
49,1,36,3.3927
49,1,37,3.6755
49,1,38,4.0096
49,1,39,4.4105
49,1,40,4.9006
49,1,41,5.5132
49,1,42,6.3007
49,1,43,7.3509
49,1,44,8.821
49,1,45,11.0263
49,1,46,14.7017
49,1,47,22.0525
49,1,48,44.1049
49,2,1,0.9385
49,2,2,0.9793
49,2,3,1.0228
49,2,4,1.0693
49,2,5,1.119
49,2,6,1.1723
49,2,7,1.2295
49,2,8,1.2909
49,2,9,1.3571
49,2,10,1.4285
49,2,11,1.5058
49,2,12,1.5894
49,2,13,1.6802
49,2,14,1.7791
49,2,15,1.8869
49,2,16,2.0048
49,2,17,2.1342
49,2,18,2.2764
49,2,19,2.4334
49,2,20,2.6072
49,2,21,2.8004
49,2,22,3.0158
49,2,23,3.257
49,2,24,3.5284
49,2,25,3.8353
49,2,26,4.1839
49,2,27,4.5824
49,2,28,5.0406
49,2,29,5.5712
49,2,30,6.1902
49,2,31,6.9185
49,2,32,7.7833
49,2,33,8.821
49,2,34,10.0812
49,2,35,11.6321
49,2,36,13.5708
49,2,37,16.0382
49,2,38,19.2458
49,2,39,23.5227
49,2,40,29.4033
49,2,41,37.8042
49,2,42,50.4056
49,2,43,70.5679
49,2,44,105.8518
49,2,45,176.4197
49,2,46,352.8393
49,2,47,1058.5176
49,3,1,0.9589
49,3,2,1.0228
49,3,3,1.0925
49,3,4,1.1687
49,3,5,1.2522
49,3,6,1.3438
49,3,7,1.4446
49,3,8,1.5557
49,3,9,1.6785
49,3,10,1.8146
49,3,11,1.9658
49,3,12,2.1343
49,3,13,2.3227
49,3,14,2.5338
49,3,15,2.7713
49,3,16,3.0395
49,3,17,3.3435
49,3,18,3.6894
49,3,19,4.0846
49,3,20,4.5385
49,3,21,5.0622
49,3,22,5.6696
49,3,23,6.3783
49,3,24,7.2102
49,3,25,8.1935
49,3,26,9.3639
49,3,27,10.7685
49,3,28,12.4688
49,3,29,14.5469
49,3,30,17.114
49,3,31,20.3229
49,3,32,24.3875
49,3,33,29.6133
49,3,34,36.4472
49,3,35,45.559
49,3,36,57.9841
49,3,37,75.3793
49,3,38,100.5058
49,3,39,138.1954
49,3,40,197.422
49,3,41,296.133
49,3,42,473.8127
49,3,43,829.1722
49,3,44,1658.3443
49,3,45,4145.8607
49,3,46,16583.4425
49,4,1,0.9802
49,4,2,1.0693
49,4,3,1.1687
49,4,4,1.28
49,4,5,1.4049
49,4,6,1.5454
49,4,7,1.7039
49,4,8,1.8832
49,4,9,2.0868
49,4,10,2.3187
49,4,11,2.5837
49,4,12,2.8876
49,4,13,3.2376
49,4,14,3.6423
49,4,15,4.1123
49,4,16,4.6606
49,4,17,5.3034
49,4,18,6.0611
49,4,19,6.959
49,4,20,8.0296
49,4,21,9.3143
49,4,22,10.8667
49,4,23,12.7565
49,4,24,15.0759
49,4,25,17.9475
49,4,26,21.537
49,4,27,26.0711
49,4,28,31.8646
49,4,29,39.3622
49,4,30,49.2027
49,4,31,62.3234
49,4,32,80.1301
49,4,33,104.7855
49,4,34,139.714
49,4,35,190.5191
49,4,36,266.7267
49,4,37,385.2719
49,4,38,577.9079
49,4,39,908.1409
49,4,40,1513.5682
49,4,41,2724.4227
49,4,42,5448.8454
49,4,43,12713.9726
49,4,44,38141.9176
49,4,45,190709.5877
49,5,1,1.0024
49,5,2,1.119
49,5,3,1.2522
49,5,4,1.4049
49,5,5,1.5805
49,5,6,1.7831
49,5,7,2.0177
49,5,8,2.2904
49,5,9,2.6085
49,5,10,2.9811
49,5,11,3.4195
49,5,12,3.9376
49,5,13,4.5529
49,5,14,5.2872
49,5,15,6.1684
49,5,16,7.2319
49,5,17,8.5233
49,5,18,10.1017
49,5,19,12.0444
49,5,20,14.4532
49,5,21,17.4643
49,5,22,21.2609
49,5,23,26.0929
49,5,24,32.3055
49,5,25,40.3818
49,5,26,51.0086
49,5,27,65.1776
49,5,28,84.3475
49,5,29,110.7061
49,5,30,147.6081
49,5,31,200.3252
49,5,32,277.3734
49,5,33,392.9456
49,5,34,571.5573
49,5,35,857.3359
49,5,36,1333.6335
49,5,37,2167.1545
49,5,38,3715.1219
49,5,39,6811.0568
49,5,40,13622.1135
49,5,41,30649.7552
49,5,42,81732.6805
49,5,43,286064.3815
49,5,44,1716386.2885
49,6,1,1.0257
49,6,2,1.1723
49,6,3,1.3438
49,6,4,1.5454
49,6,5,1.7831
49,6,6,2.0647
49,6,7,2.3995
49,6,8,2.7994
49,6,9,3.2793
49,6,10,3.8579
49,6,11,4.5594
49,6,12,5.4142
49,6,13,6.4622
49,6,14,7.7546
49,6,15,9.359
49,6,16,11.3644
49,6,17,13.8899
49,6,18,17.0952
49,6,19,21.198
49,6,20,26.4975
49,6,21,33.4099
49,6,22,42.5217
49,6,23,54.6707
49,6,24,71.0719
49,6,25,93.5157
49,6,26,124.6876
49,6,27,168.695
49,6,28,231.9555
49,6,29,324.7377
49,6,30,463.911
49,6,31,678.0238
49,6,32,1017.0357
49,6,33,1571.7824
49,6,34,2514.8518
49,6,35,4191.4196
49,6,36,7334.9842
49,6,37,13622.1135
49,6,38,27244.2269
49,6,39,59937.299
49,6,40,149843.2475
49,6,41,449529.7423
49,6,42,1798118.9689
49,6,43,12586832.7817
49,7,1,1.0502
49,7,2,1.2295
49,7,3,1.4446
49,7,4,1.7039
49,7,5,2.0177
49,7,6,2.3995
49,7,7,2.866
49,7,8,3.4392
49,7,9,4.1473
49,7,10,5.027
49,7,11,6.1266
49,7,12,7.5101
49,7,13,9.2624
49,7,14,11.4981
49,7,15,14.3727
49,7,16,18.0989
49,7,17,22.9717
49,7,18,29.4037
49,7,19,37.9798
49,7,20,49.5388
49,7,21,65.3012
49,7,22,87.0682
49,7,23,117.542
49,7,24,160.847
49,7,25,223.3986
49,7,26,315.3862
49,7,27,453.3676
49,7,28,664.9391
49,7,29,997.4087
49,7,30,1534.4748
49,7,31,2429.5851
49,7,32,3975.6847
49,7,33,6758.664
49,7,34,12015.4026
49,7,35,22528.8799
49,7,36,45057.7598
49,7,37,97625.1461
49,7,38,234300.3505
49,7,39,644325.9639
49,7,40,2147753.2128
49,7,41,9664889.4574
49,7,42,77319115.6585
49,8,1,1.0758
49,8,2,1.2909
49,8,3,1.5557
49,8,4,1.8832
49,8,5,2.2904
49,8,6,2.7994
49,8,7,3.4392
49,8,8,4.2484
49,8,9,5.2783
49,8,10,6.5979
49,8,11,8.3006
49,8,12,10.5141
49,8,13,13.4145
49,8,14,17.2472
49,8,15,22.3574
49,8,16,29.2366
49,8,17,38.5923
49,8,18,51.4564
49,8,19,69.3543
49,8,20,94.5741
49,8,21,130.6023
49,8,22,182.8431
49,8,23,259.8297
49,8,24,375.3095
49,8,25,551.9258
49,8,26,827.8886
49,8,27,1269.4292
49,8,28,1994.8173
49,8,29,3222.3971
49,8,30,5370.6618
49,8,31,9276.5976
49,8,32,16697.8757
49,8,33,31540.4318
49,8,34,63080.8636
49,8,35,135173.2792
49,8,36,315404.318
49,8,37,820051.2267
49,8,38,2460153.6801
49,8,39,9020563.4935
49,8,40,45102817.4675
49,8,41,405925357.2067
49,9,1,1.1027
49,9,2,1.3571
49,9,3,1.6785
49,9,4,2.0868
49,9,5,2.6085
49,9,6,3.2793
49,9,7,4.1473
49,9,8,5.2783
49,9,9,6.7629
49,9,10,8.7263
49,9,11,11.3441
49,9,12,14.8647
49,9,13,19.6426
49,9,14,26.1901
49,9,15,35.2559
49,9,16,47.9481
49,9,17,65.9286
49,9,18,91.7267
49,9,19,129.2512
49,9,20,184.6445
49,9,21,267.7346
49,9,22,394.5562
49,9,23,591.8342
49,9,24,905.1582
49,9,25,1414.3097
49,9,26,2262.8955
49,9,27,3717.614
49,9,28,6291.3467
49,9,29,11009.8567
49,9,30,20017.9212
49,9,31,38034.0502
49,9,32,76068.1003
49,9,33,161644.713
49,9,34,369473.6297
49,9,35,923684.0741
49,9,36,2586315.4073
49,9,37,8405525.0735
49,9,38,33622100.2939
49,9,39,184921551.6164
49,9,40,1849215516.1635
49,10,1,1.1309
49,10,2,1.4285
49,10,3,1.8146
49,10,4,2.3187
49,10,5,2.9811
49,10,6,3.8579
49,10,7,5.027
49,10,8,6.5979
49,10,9,8.7263
49,10,10,11.635
49,10,11,15.647
49,10,12,21.2353
49,10,13,29.1001
49,10,14,40.2925
49,10,15,56.4095
49,10,16,79.9134
49,10,17,114.6583
49,10,18,166.7757
49,10,19,246.1927
49,10,20,369.289
49,10,21,563.6517
49,10,22,876.7914
49,10,23,1392.5511
49,10,24,2262.8955
49,10,25,3771.4924
49,10,26,6465.4156
49,10,27,11438.8121
49,10,28,20971.1555
49,10,29,40035.8423
49,10,30,80071.6845
49,10,31,169040.2227
49,10,32,380340.5011
49,10,33,923684.0741
49,10,34,2463157.5307
49,10,35,7389472.5921
49,10,36,25863154.0723
49,10,37,112073667.6463
49,10,38,672442005.8777
49,10,39,7396862064.6537
49,11,1,1.1607
49,11,2,1.5058
49,11,3,1.9658
49,11,4,2.5837
49,11,5,3.4195
49,11,6,4.5594
49,11,7,6.1266
49,11,8,8.3006
49,11,9,11.3441
49,11,10,15.647
49,11,11,21.7941
49,11,12,30.6731
49,11,13,43.6502
49,11,14,62.8563
49,11,15,91.6654
49,11,16,135.5053
49,11,17,203.2579
49,11,18,309.7263
49,11,19,480.0757
49,11,20,758.0143
49,11,21,1221.2452
49,11,22,2011.4627
49,11,23,3394.3432
49,11,24,5883.5282
49,11,25,10506.3003
49,11,26,19396.2466
49,11,27,37176.1393
49,11,28,74352.2785
49,11,29,156139.7847
49,11,30,346977.2993
49,11,31,824071.0857
49,11,32,2119039.9345
49,11,33,6003946.4811
49,11,34,19212628.7394
49,11,35,72047357.7727
49,11,36,336221002.9389
49,11,37,2185436519.1023
49,11,38,26225238229.2265
49,12,1,1.1921
49,12,2,1.5894
49,12,3,2.1343
49,12,4,2.8876
49,12,5,3.9376
49,12,6,5.4142
49,12,7,7.5101
49,12,8,10.5141
49,12,9,14.8647
49,12,10,21.2353
49,12,11,30.6731
49,12,12,44.8299
49,12,13,66.3483
49,12,14,99.5224
49,12,15,151.4471
49,12,16,234.0545
49,12,17,367.8
49,12,18,588.4799
49,12,19,960.1514
49,12,20,1600.2523
49,12,21,2729.8422
49,12,22,4777.2237
49,12,23,8599.0027
49,12,24,15969.5764
49,12,25,30710.7237
49,12,26,61421.4474
49,12,27,128426.6627
49,12,28,282538.658
49,12,29,659256.8686
49,12,30,1648142.1713
49,12,31,4473528.7506
49,12,32,13420586.2518
49,12,33,45629993.256
49,12,34,182519973.024
49,12,35,912599865.1197
49,12,36,6388199055.8373
49,12,37,83046587725.8837
49,13,1,1.2252
49,13,2,1.6802
49,13,3,2.3227
49,13,4,3.2376
49,13,5,4.5529
49,13,6,6.4622
49,13,7,9.2624
49,13,8,13.4145
49,13,9,19.6426
49,13,10,29.1001
49,13,11,43.6502
49,13,12,66.3483
49,13,13,102.2869
49,13,14,160.1012
49,13,15,254.7064
49,13,16,412.3818
49,13,17,680.4299
49,13,18,1145.9872
49,13,19,1973.6445
49,13,20,3482.902
49,13,21,6312.7599
49,13,22,11783.8185
49,13,23,22725.9356
49,13,24,45451.8711
49,13,25,94691.3981
49,13,26,206599.414
49,13,27,475178.652
49,13,28,1161547.816
49,13,29,3049063.0169
49,13,30,8711608.6196
49,13,31,27586760.6287
49,13,32,99312338.2631
49,13,33,422077437.6179
49,13,34,2251079667.2951
49,13,35,16883097504.7127
49,13,36,236363365065.9765
49,14,1,1.2602
49,14,2,1.7791
49,14,3,2.5338
49,14,4,3.6423
49,14,5,5.2872
49,14,6,7.7546
49,14,7,11.4981
49,14,8,17.2472
49,14,9,26.1901
49,14,10,40.2925
49,14,11,62.8563
49,14,12,99.5224
49,14,13,160.1012
49,14,14,261.9837
49,14,15,436.6395
49,14,16,742.2872
49,14,17,1289.2355
49,14,18,2291.9743
49,14,19,4179.4824
49,14,20,7836.5295
49,14,21,15150.6237
49,14,22,30301.2474
49,14,23,62933.36
49,14,24,136355.6132
49,14,25,309899.1209
49,14,26,743757.8901
49,14,27,1900714.608
49,14,28,5226965.1718
49,14,29,15680895.5153
49,14,30,52269651.7174
49,14,31,198624676.5261
49,14,32,893811044.3672
49,14,33,5064929251.4138
49,14,34,40519434011.3103
49,14,35,607791510169.6537
49,15,1,1.2973
49,15,2,1.8869
49,15,3,2.7713
49,15,4,4.1123
49,15,5,6.1684
49,15,6,9.359
49,15,7,14.3727
49,15,8,22.3574
49,15,9,35.2559
49,15,10,56.4095
49,15,11,91.6654
49,15,12,151.4471
49,15,13,254.7064
49,15,14,436.6395
49,15,15,764.1191
49,15,16,1367.371
49,15,17,2506.8469
49,15,18,4718.7705
49,15,19,9142.6178
49,15,20,18285.2355
49,15,21,37876.5593
49,15,22,81580.2814
49,15,23,183555.6332
49,15,24,433858.7692
49,15,25,1084646.923
49,15,26,2892391.7947
49,15,27,8315626.4096
49,15,28,26134825.8587
49,15,29,91471890.5055
49,15,30,365887562.0217
49,15,31,1737965919.6028
49,15,32,10427795517.6167
49,15,33,88636261899.7412
49,15,34,1418180190395.8584
49,16,1,1.3366
49,16,2,2.0048
49,16,3,3.0395
49,16,4,4.6606
49,16,5,7.2319
49,16,6,11.3644
49,16,7,18.0989
49,16,8,29.2366
49,16,9,47.9481
49,16,10,79.9134
49,16,11,135.5053
49,16,12,234.0545
49,16,13,412.3818
49,16,14,742.2872
49,16,15,1367.371
49,16,16,2582.8119
49,16,17,5013.6937
49,16,18,10027.3873
49,16,19,20723.2669
49,16,20,44407.0005
49,16,21,99061.7703
49,16,22,231144.1306
49,16,23,567353.7752
49,16,24,1475119.8153
49,16,25,4097555.0425
49,16,26,12292665.1273
49,16,27,40390185.418
49,16,28,148097346.5326
49,16,29,622008855.4368
49,16,30,3110044277.184
49,16,31,19696947088.8314
49,16,32,177272523799.4824
49,16,33,3013632904591.199
49,17,1,1.3783
49,17,2,2.1342
49,17,3,3.3435
49,17,4,5.3034
49,17,5,8.5233
49,17,6,13.8899
49,17,7,22.9717
49,17,8,38.5923
49,17,9,65.9286
49,17,10,114.6583
49,17,11,203.2579
49,17,12,367.8
49,17,13,680.4299
49,17,14,1289.2355
49,17,15,2506.8469
49,17,16,5013.6937
49,17,17,10340.7431
49,17,18,22060.2519
49,17,19,48847.7006
49,17,20,112725.4628
49,17,21,272419.8683
49,17,22,693432.3918
49,17,23,1872267.4579
49,17,24,5408772.656
49,17,25,16902414.55
49,17,26,57951135.5998
49,17,27,222146019.7989
49,17,28,977442487.115
49,17,29,5131573057.3535
49,17,30,34210487049.023
49,17,31,324999626965.7176
49,17,32,5849993285382.916
49,18,1,1.4228
49,18,2,2.2764
49,18,3,3.6894
49,18,4,6.0611
49,18,5,10.1017
49,18,6,17.0952
49,18,7,29.4037
49,18,8,51.4564
49,18,9,91.7267
49,18,10,166.7757
49,18,11,309.7263
49,18,12,588.4799
49,18,13,1145.9872
49,18,14,2291.9743
49,18,15,4718.7705
49,18,16,10027.3873
49,18,17,22060.2519
49,18,18,50423.4328
49,18,19,120240.4936
49,18,20,300601.2339
49,18,21,792494.1621
49,18,22,2218983.6538
49,18,23,6656950.9612
49,18,24,21635090.6239
49,18,25,77268180.7997
49,18,26,309072723.1985
49,18,27,1421734526.7127
49,18,28,7819539896.9196
49,18,29,54736779278.4367
49,18,30,547367792784.3665
49,18,31,10399988062902.96
49,19,1,1.4702
49,19,2,2.4334
49,19,3,4.0846
49,19,4,6.959
49,19,5,12.0444
49,19,6,21.198
49,19,7,37.9798
49,19,8,69.3543
49,19,9,129.2512
49,19,10,246.1927
49,19,11,480.0757
49,19,12,960.1514
49,19,13,1973.6445
49,19,14,4179.4824
49,19,15,9142.6178
49,19,16,20723.2669
49,19,17,48847.7006
49,19,18,120240.4936
49,19,19,310621.2751
49,19,20,847148.9319
49,19,21,2456731.9024
49,19,22,7643165.9185
49,19,23,25795684.9747
49,19,24,95812544.1916
49,19,25,399218934.1313
49,19,26,1916250883.8301
49,19,27,11018442582.023
49,19,28,80801912268.1684
49,19,29,848420078815.768
49,19,30,16968401576315.36
49,20,1,1.5209
49,20,2,2.6072
49,20,3,4.5385
49,20,4,8.0296
49,20,5,14.4532
49,20,6,26.4975
49,20,7,49.5388
49,20,8,94.5741
49,20,9,184.6445
49,20,10,369.289
49,20,11,758.0143
49,20,12,1600.2523
49,20,13,3482.902
49,20,14,7836.5295
49,20,15,18285.2355
49,20,16,44407.0005
49,20,17,112725.4628
49,20,18,300601.2339
49,20,19,847148.9319
49,20,20,2541446.7956
49,20,21,8189106.3412
49,20,22,28661872.1941
49,20,23,110552935.6056
49,20,24,479062720.9576
49,20,25,2395313604.7877
49,20,26,14371881628.7257
49,20,27,110184425820.2297
49,20,28,1212028684022.5256
49,20,29,25452602364473.04
49,21,1,1.5752
49,21,2,2.8004
49,21,3,5.0622
49,21,4,9.3143
49,21,5,17.4643
49,21,6,33.4099
49,21,7,65.3012
49,21,8,130.6023
49,21,9,267.7346
49,21,10,563.6517
49,21,11,1221.2452
49,21,12,2729.8422
49,21,13,6312.7599
49,21,14,15150.6237
49,21,15,37876.5593
49,21,16,99061.7703
49,21,17,272419.8683
49,21,18,792494.1621
49,21,19,2456731.9024
49,21,20,8189106.3412
49,21,21,29685510.4867
49,21,22,118742041.9468
49,21,23,534339188.7604
49,21,24,2778563781.5537
49,21,25,17366023634.7102
49,21,26,138928189077.6809
49,21,27,1597674174393.329
49,21,28,35148831836653.242
49,22,1,1.6336
49,22,2,3.0158
49,22,3,5.6696
49,22,4,10.8667
49,22,5,21.2609
49,22,6,42.5217
49,22,7,87.0682
49,22,8,182.8431
49,22,9,394.5562
49,22,10,876.7914
49,22,11,2011.4627
49,22,12,4777.2237
49,22,13,11783.8185
49,22,14,30301.2474
49,22,15,81580.2814
49,22,16,231144.1306
49,22,17,693432.3918
49,22,18,2218983.6538
49,22,19,7643165.9185
49,22,20,28661872.1941
49,22,21,118742041.9468
49,22,22,554129529.0848
49,22,23,2992299457.0578
49,22,24,19449946470.8754
49,22,25,162082887257.2943
49,22,26,1944994647087.5312
49,22,27,44734876883013.22
49,23,1,1.6964
49,23,2,3.257
49,23,3,6.3783
49,23,4,12.7565
49,23,5,26.0929
49,23,6,54.6707
49,23,7,117.542
49,23,8,259.8297
49,23,9,591.8342
49,23,10,1392.5511
49,23,11,3394.3432
49,23,12,8599.0027
49,23,13,22725.9356
49,23,14,62933.36
49,23,15,183555.6332
49,23,16,567353.7752
49,23,17,1872267.4579
49,23,18,6656950.9612
49,23,19,25795684.9747
49,23,20,110552935.6056
49,23,21,534339188.7604
49,23,22,2992299457.0578
49,23,23,20198021335.1398
49,23,24,175049518237.8779
49,23,25,2188118977973.473
49,23,26,52514855471363.34
49,24,1,1.7642
49,24,2,3.5284
49,24,3,7.2102
49,24,4,15.0759
49,24,5,32.3055
49,24,6,71.0719
49,24,7,160.847
49,24,8,375.3095
49,24,9,905.1582
49,24,10,2262.8955
49,24,11,5883.5282
49,24,12,15969.5764
49,24,13,45451.8711
49,24,14,136355.6132
49,24,15,433858.7692
49,24,16,1475119.8153
49,24,17,5408772.656
49,24,18,21635090.6239
49,24,19,95812544.1916
49,24,20,479062720.9576
49,24,21,2778563781.5537
49,24,22,19449946470.8754
49,24,23,175049518237.8779
49,24,24,2275643737092.4116
49,24,25,56891093427310.29
49,25,1,1.8378
49,25,2,3.8353
49,25,3,8.1935
49,25,4,17.9475
49,25,5,40.3818
49,25,6,93.5157
49,25,7,223.3986
49,25,8,551.9258
49,25,9,1414.3097
49,25,10,3771.4924
49,25,11,10506.3003
49,25,12,30710.7237
49,25,13,94691.3981
49,25,14,309899.1209
49,25,15,1084646.923
49,25,16,4097555.0425
49,25,17,16902414.55
49,25,18,77268180.7997
49,25,19,399218934.1313
49,25,20,2395313604.7877
49,25,21,17366023634.7102
49,25,22,162082887257.2943
49,25,23,2188118977973.473
49,25,24,56891093427310.29
49,26,1,1.9177
49,26,2,4.1839
49,26,3,9.3639
49,26,4,21.537
49,26,5,51.0086
49,26,6,124.6876
49,26,7,315.3862
49,26,8,827.8886
49,26,9,2262.8955
49,26,10,6465.4156
49,26,11,19396.2466
49,26,12,61421.4474
49,26,13,206599.414
49,26,14,743757.8901
49,26,15,2892391.7947
49,26,16,12292665.1273
49,26,17,57951135.5998
49,26,18,309072723.1985
49,26,19,1916250883.8301
49,26,20,14371881628.7257
49,26,21,138928189077.6809
49,26,22,1944994647087.5312
49,26,23,52514855471363.34
49,27,1,2.0048
49,27,2,4.5824
49,27,3,10.7685
49,27,4,26.0711
49,27,5,65.1776
49,27,6,168.695
49,27,7,453.3676
49,27,8,1269.4292
49,27,9,3717.614
49,27,10,11438.8121
49,27,11,37176.1393
49,27,12,128426.6627
49,27,13,475178.652
49,27,14,1900714.608
49,27,15,8315626.4096
49,27,16,40390185.418
49,27,17,222146019.7989
49,27,18,1421734526.7127
49,27,19,11018442582.023
49,27,20,110184425820.2297
49,27,21,1597674174393.329
49,27,22,44734876883013.22
49,28,1,2.1003
49,28,2,5.0406
49,28,3,12.4688
49,28,4,31.8646
49,28,5,84.3475
49,28,6,231.9555
49,28,7,664.9391
49,28,8,1994.8173
49,28,9,6291.3467
49,28,10,20971.1555
49,28,11,74352.2785
49,28,12,282538.658
49,28,13,1161547.816
49,28,14,5226965.1718
49,28,15,26134825.8587
49,28,16,148097346.5326
49,28,17,977442487.115
49,28,18,7819539896.9196
49,28,19,80801912268.1684
49,28,20,1212028684022.5256
49,28,21,35148831836653.242
49,29,1,2.2053
49,29,2,5.5712
49,29,3,14.5469
49,29,4,39.3622
49,29,5,110.7061
49,29,6,324.7377
49,29,7,997.4087
49,29,8,3222.3971
49,29,9,11009.8567
49,29,10,40035.8423
49,29,11,156139.7847
49,29,12,659256.8686
49,29,13,3049063.0169
49,29,14,15680895.5153
49,29,15,91471890.5055
49,29,16,622008855.4368
49,29,17,5131573057.3535
49,29,18,54736779278.4367
49,29,19,848420078815.768
49,29,20,25452602364473.04
49,30,1,2.3214
49,30,2,6.1902
49,30,3,17.114
49,30,4,49.2027
49,30,5,147.6081
49,30,6,463.911
49,30,7,1534.4748
49,30,8,5370.6618
49,30,9,20017.9212
49,30,10,80071.6845
49,30,11,346977.2993
49,30,12,1648142.1713
49,30,13,8711608.6196
49,30,14,52269651.7174
49,30,15,365887562.0217
49,30,16,3110044277.184
49,30,17,34210487049.023
49,30,18,547367792784.3665
49,30,19,16968401576315.36
49,31,1,2.4503
49,31,2,6.9185
49,31,3,20.3229
49,31,4,62.3234
49,31,5,200.3252
49,31,6,678.0238
49,31,7,2429.5851
49,31,8,9276.5976
49,31,9,38034.0502
49,31,10,169040.2227
49,31,11,824071.0857
49,31,12,4473528.7506
49,31,13,27586760.6287
49,31,14,198624676.5261
49,31,15,1737965919.6028
49,31,16,19696947088.8314
49,31,17,324999626965.7176
49,31,18,10399988062902.96
49,32,1,2.5945
49,32,2,7.7833
49,32,3,24.3875
49,32,4,80.1301
49,32,5,277.3734
49,32,6,1017.0357
49,32,7,3975.6847
49,32,8,16697.8757
49,32,9,76068.1003
49,32,10,380340.5011
49,32,11,2119039.9345
49,32,12,13420586.2518
49,32,13,99312338.2631
49,32,14,893811044.3672
49,32,15,10427795517.6167
49,32,16,177272523799.4824
49,32,17,5849993285382.916
49,33,1,2.7566
49,33,2,8.821
49,33,3,29.6133
49,33,4,104.7855
49,33,5,392.9456
49,33,6,1571.7824
49,33,7,6758.664
49,33,8,31540.4318
49,33,9,161644.713
49,33,10,923684.0741
49,33,11,6003946.4811
49,33,12,45629993.256
49,33,13,422077437.6179
49,33,14,5064929251.4138
49,33,15,88636261899.7412
49,33,16,3013632904591.199
49,34,1,2.9404
49,34,2,10.0812
49,34,3,36.4472
49,34,4,139.714
49,34,5,571.5573
49,34,6,2514.8518
49,34,7,12015.4026
49,34,8,63080.8636
49,34,9,369473.6297
49,34,10,2463157.5307
49,34,11,19212628.7394
49,34,12,182519973.024
49,34,13,2251079667.2951
49,34,14,40519434011.3103
49,34,15,1418180190395.8584
49,35,1,3.1504
49,35,2,11.6321
49,35,3,45.559
49,35,4,190.5191
49,35,5,857.3359
49,35,6,4191.4196
49,35,7,22528.8799
49,35,8,135173.2792
49,35,9,923684.0741
49,35,10,7389472.5921
49,35,11,72047357.7727
49,35,12,912599865.1197
49,35,13,16883097504.7127
49,35,14,607791510169.6537
49,36,1,3.3927
49,36,2,13.5708
49,36,3,57.9841
49,36,4,266.7267
49,36,5,1333.6335
49,36,6,7334.9842
49,36,7,45057.7598
49,36,8,315404.318
49,36,9,2586315.4073
49,36,10,25863154.0723
49,36,11,336221002.9389
49,36,12,6388199055.8373
49,36,13,236363365065.9765
49,37,1,3.6755
49,37,2,16.0382
49,37,3,75.3793
49,37,4,385.2719
49,37,5,2167.1545
49,37,6,13622.1135
49,37,7,97625.1461
49,37,8,820051.2267
49,37,9,8405525.0735
49,37,10,112073667.6463
49,37,11,2185436519.1023
49,37,12,83046587725.8837
49,38,1,4.0096
49,38,2,19.2458
49,38,3,100.5058
49,38,4,577.9079
49,38,5,3715.1219
49,38,6,27244.2269
49,38,7,234300.3505
49,38,8,2460153.6801
49,38,9,33622100.2939
49,38,10,672442005.8777
49,38,11,26225238229.2265
49,39,1,4.4105
49,39,2,23.5227
49,39,3,138.1954
49,39,4,908.1409
49,39,5,6811.0568
49,39,6,59937.299
49,39,7,644325.9639
49,39,8,9020563.4935
49,39,9,184921551.6164
49,39,10,7396862064.6537
49,40,1,4.9006
49,40,2,29.4033
49,40,3,197.422
49,40,4,1513.5682
49,40,5,13622.1135
49,40,6,149843.2475
49,40,7,2147753.2128
49,40,8,45102817.4675
49,40,9,1849215516.1635
49,41,1,5.5132
49,41,2,37.8042
49,41,3,296.133
49,41,4,2724.4227
49,41,5,30649.7552
49,41,6,449529.7423
49,41,7,9664889.4574
49,41,8,405925357.2067
49,42,1,6.3007
49,42,2,50.4056
49,42,3,473.8127
49,42,4,5448.8454
49,42,5,81732.6805
49,42,6,1798118.9689
49,42,7,77319115.6585
49,43,1,7.3509
49,43,2,70.5679
49,43,3,829.1722
49,43,4,12713.9726
49,43,5,286064.3815
49,43,6,12586832.7817
49,44,1,8.821
49,44,2,105.8518
49,44,3,1658.3443
49,44,4,38141.9176
49,44,5,1716386.2885
49,45,1,11.0263
49,45,2,176.4197
49,45,3,4145.8607
49,45,4,190709.5877
49,46,1,14.7017
49,46,2,352.8393
49,46,3,16583.4425
49,47,1,22.0525
49,47,2,1058.5176
49,48,1,44.1049
